month,cafes_restaurants_and_catering_services,cafes_restaurants_and_takeaway_food_services,clothing_retailing,clothing_footwear_and_personal_accessory_retailing,department_stores,electrical_and_electronic_goods_retailing,food_retailing,footwear_and_other_personal_accessory_retailing,furniture_floor_coverings_houseware_and_textile_goods_retailing,hardware_building_and_garden_supplies_retailing,household_goods_retailing,liquor_retailing,newspaper_and_book_retailing,other_recreational_goods_retailing,other_retailing,other_retailing_n.e.c.,other_specialised_food_retailing,pharmaceutical_cosmetic_and_toiletry_goods_retailing,supermarket_and_grocery_stores,takeaway_food_services
01-04-1982,4.4,7.6,3.7,5.9,10.3,4.4,15.5,2.2,2.7,2.6,9.7,1.2,2.3,1.1,8.1,2.2,1.6,2.5,12.7,3.2
01-05-1982,3.4,6.7,3.8,5.9,10.6,4.9,15.1,2.1,3,3.3,11.1,1.4,2.5,1,8,2,1.6,2.5,12.1,3.3
01-06-1982,3.6,7.1,3.2,5.1,9.9,4.8,15.5,2,2.5,2.7,9.9,1.3,2.3,1,7.8,2,1.7,2.5,12.5,3.5
01-07-1982,4,7.5,3.4,5.4,8.8,5.1,16.1,2.1,2.8,2.4,10.2,1.4,2.6,1.1,8.3,2,1.6,2.6,13.2,3.5
01-08-1982,3.6,7.3,3.1,5,8.8,4.6,15.8,2,2.8,2.7,10.1,1.6,2.6,0.9,8.4,2,1.6,2.8,12.7,3.7
01-09-1982,4.2,8.1,3.4,5.6,9.2,4.3,16,2.2,2.6,3.1,10,1.4,2.6,1,8.6,2.2,1.8,2.8,12.9,3.9
01-10-1982,4.8,8.9,3.4,5.8,9.7,4.7,16.6,2.3,3.7,3.5,11.9,1.5,2.7,1.2,9,2.5,1.7,2.6,13.5,4
01-11-1982,5.4,9.6,3.6,6.2,11.3,5.1,17.2,2.6,3.9,4.6,13.6,1.5,3,1.3,10.3,2.9,1.7,3.1,14.1,4.3
01-12-1982,6.9,11.2,4.7,8.2,18.5,8,20,3.5,4.2,7.4,19.7,1.6,4.9,1.8,14.6,4.1,1.9,3.9,16.5,4.3
01-01-1983,3.8,7.7,2.7,4.6,7.4,4.3,14.6,1.9,3,3.3,10.6,1,2.5,1,8.1,2.1,1.6,2.5,12,3.9
01-02-1983,4.2,8.2,2.7,4.6,8,4.4,15.5,1.9,3.3,2.6,10.3,1.1,3,1,8.6,2.1,1.6,2.5,12.8,3.9
01-03-1983,4,8.5,3.8,6.3,10.6,5.3,16.7,2.5,3.6,3.1,12,1.1,3.1,1.1,9.1,2.2,1.8,2.6,13.8,4.4
01-04-1983,4.4,8.2,4.7,7.4,11.7,4,17.2,2.7,3.4,3.1,10.6,1.3,2.6,1.1,8.2,2.3,1.7,2.2,14.3,3.7
01-05-1983,4.3,9.3,4.6,7.3,11.5,4.8,17.3,2.8,3.7,3.1,11.6,1.4,2.8,1.1,8.5,2.3,1.8,2.3,14.1,5
01-06-1983,4.3,9.9,3.9,6.2,10.1,4.3,17.6,2.3,3.4,2.6,10.3,1.4,2.8,1,8.2,2.1,2,2.2,14.2,5.6
01-07-1983,4.6,10.8,4,6.5,10.4,4.2,17.2,2.5,3.8,2.8,10.8,1.5,3,1.1,8.7,2.3,2.1,2.3,13.6,6.3
01-08-1983,4.9,9.4,3.6,6,10,4.1,17.1,2.4,3.8,2.8,10.7,1.5,3.2,1.1,9.2,2.4,1.8,2.5,13.8,4.5
01-09-1983,4.5,10.9,3.6,6.1,10.3,4,17.1,2.5,3.8,3.1,10.9,1.5,3.2,1,8.9,2.4,2.1,2.3,13.5,6.4
01-10-1983,5.5,12.8,3.4,5.9,11.2,5,20.5,2.5,3.4,3.3,11.7,1.5,3.1,1.3,9.4,2.7,2.4,2.3,16.6,7.2
01-11-1983,6.7,13.8,3.7,6.5,12.6,5.5,21.1,2.8,4,3.6,13.1,1.5,3.3,1.5,10.8,3.2,2.4,2.8,17.3,7.1
01-12-1983,9.6,17.2,5,9,22.2,7,26.1,4,4.4,6.8,18.2,1.9,4.9,2,15.1,4.7,2.4,3.5,21.8,7.6
01-01-1984,3.8,10.2,3.4,5.5,7.9,3.9,17.3,2.1,3.5,3.2,10.6,1.4,2.8,0.9,7.9,2.1,1.9,2.1,13.9,6.4
01-02-1984,3.8,10.3,3.3,5.3,9.1,5.2,19.7,2,3.5,2.7,11.4,1.5,2.9,1,7.9,2.1,2,2,16.3,6.5
01-03-1984,4.4,11.2,4.4,6.9,10.9,5.8,19.9,2.5,4.2,2.7,12.7,1.5,3.1,1.2,8.8,2.3,2.1,2.2,16.4,6.9
01-04-1984,3.8,9.7,4.4,6.8,12.9,6.2,19.7,2.4,3.5,2.3,12,1.5,2.9,1.1,8,2.1,1.8,2,16.4,5.9
01-05-1984,3.9,10,4.8,7.4,13.8,8,19.5,2.6,3.8,2.7,14.5,1.6,3.1,1.3,8.7,2.2,2.2,2.1,15.8,6.1
01-06-1984,4.1,10.1,4.2,6.7,10.6,6.7,20.4,2.5,3.8,2.5,13.1,1.6,2.8,1.2,8.4,2.2,2.2,2.1,16.7,6
01-07-1984,4.3,10,4.5,7.1,11.9,5.7,19.8,2.5,4.1,3.4,13.2,1.5,2.9,1.1,8.5,2.3,2.1,2.2,16.2,5.8
01-08-1984,4.8,11.3,4.2,6.9,11.3,5.2,20.6,2.7,3.9,3.5,12.5,1.7,3,1.2,9.1,2.5,2.3,2.3,16.7,6.4
01-09-1984,5,11.1,3.3,5.7,11.5,4.3,19.5,2.5,4.5,3.8,12.6,1.6,3,1.1,9.1,2.6,2.3,2.3,15.6,6.1
01-10-1984,5.3,11,4.6,7.5,12.6,5.1,21.3,2.9,5.3,4.2,14.6,1.9,2.7,1.2,9.3,2.7,2.2,2.6,17.2,5.7
01-11-1984,5.6,11.4,4.8,7.8,13.6,5.5,21.4,3,5.5,4.9,16,1.9,3.2,1.4,10.5,3,2.2,3,17.3,5.8
01-12-1984,6.8,12.6,5.6,9.3,23.3,6.4,21.5,3.6,4.8,8.7,19.9,2.2,4,1.6,12.8,4.1,2.3,3.1,17,5.8
01-01-1985,4.6,9.7,3.3,5.7,10.6,5.7,20.3,2.3,4,4.2,13.8,1.6,2.4,1.2,8.7,2.5,2,2.7,16.6,5.1
01-02-1985,4.3,9,3.3,5.5,10,5.4,19.6,2.1,3.9,3.8,13.1,1.5,2.4,1.1,8.4,2.4,1.9,2.6,16.2,4.7
01-03-1985,4.3,8.9,4.1,6.5,11.5,6.5,21.3,2.4,4.3,3.4,14.2,1.8,2.8,1.2,8.9,2.4,2,2.6,17.4,4.6
01-04-1985,6,10.6,4.9,7.9,14,6.1,22.3,3,4.5,3.5,14.1,1.6,2.3,1.5,9.6,2.9,2,3,18.6,4.5
01-05-1985,5.8,10.1,5.6,8.8,15.7,7.6,23.1,3.2,5.1,4.2,16.9,1.9,2.7,1.6,10.5,3.1,2,3.2,19.2,4.3
01-06-1985,5.9,10,4.9,7.9,12.2,6.4,21.9,2.9,4.6,3.5,14.5,1.6,2.4,1.4,9.8,2.8,1.9,3.2,18.4,4.1
01-07-1985,6.4,11.9,5.2,8.2,13.7,7.5,24.4,3,4.8,3.9,16.1,1.6,2.6,1.6,11.1,3.2,2.2,3.7,20.6,5.5
01-08-1985,7,12.9,4.5,7.4,12.5,6.4,23.1,2.9,5,4.3,15.7,1.6,2.6,1.6,11.2,3.3,2.2,3.7,19.2,5.9
01-09-1985,6.7,12.4,4.4,7.3,12.2,6.4,23.2,2.8,5.1,4.3,15.8,1.5,2.7,1.6,11,3.2,2.2,3.5,19.5,5.7
01-10-1985,6.7,12,4.6,7.5,14.3,6.7,24.2,2.9,4.9,4.3,15.9,1.8,2.7,1.5,11,3.3,2.1,3.5,20.2,5.2
01-11-1985,6.8,12.2,4.6,7.6,15.3,6.6,24.5,3,5.4,5.7,17.7,1.9,2.8,1.6,11.5,3.6,2.1,3.5,20.4,5.4
01-12-1985,7.6,12.9,5.3,8.9,25.8,9.1,25.2,3.6,5.8,11.5,26.5,2.4,3.4,2,14.2,4.8,2.1,4,20.6,5.3
01-01-1986,7.9,13.1,4.4,7.5,13.4,5.2,23.6,3,4,4,13.1,1.8,2.6,1.6,10.9,3.5,2.1,3.2,19.6,5.2
01-02-1986,6.1,10.8,3.8,6.2,9.8,5.7,21.2,2.5,4.4,3.9,13.9,1.6,2.8,1.3,10.1,2.9,2,3,17.5,4.6
01-03-1986,9.3,14,3.9,7,12.3,5.2,24.4,3.1,4.2,3.7,13,2.1,3.6,1.7,12,4,2.1,2.7,20.1,4.7
01-04-1986,7,11.6,5.1,8.1,14,5.3,24.4,3,4.6,3.5,13.5,2.1,2.7,1.5,10.4,3.1,1.9,3.1,20.3,4.5
01-05-1986,7.5,11.9,5.9,9.3,18.8,6.6,25.5,3.4,5.5,4.3,16.4,2.2,2.7,1.7,10.9,3.5,1.9,3,21.4,4.4
01-06-1986,6.2,10.5,4.8,7.6,12.6,6.5,25.4,2.7,5.2,3.5,15.1,2.1,2.6,1.5,10,3,2,2.9,21.2,4.3
01-07-1986,9.8,15.1,5,8.4,15.2,7.4,26.3,3.4,5.5,3.7,16.7,1.8,3.3,2,12.6,4.2,2.3,3.1,22.2,5.3
01-08-1986,9.1,15,5,8.3,12.4,6.7,24.6,3.3,5.8,4,16.6,2.1,4.6,1.9,13.8,4.1,2.3,3.2,20.2,5.9
01-09-1986,9,14.5,4.7,7.9,14.2,7,25.6,3.3,5.8,4.4,17.2,1.9,3.3,1.9,12.3,4,2.3,3.1,21.4,5.5
01-10-1986,9.2,14.5,4.7,8.1,16.4,5.6,26.2,3.4,6.3,4.4,16.3,1.9,3,1.8,12.1,4,2.5,3.3,21.8,5.2
01-11-1986,9,14,4.7,8.1,15.4,5.4,26,3.4,6.3,4.9,16.6,1.8,3.2,1.8,12.2,4,2.3,3.2,21.8,5
01-12-1986,11.1,16.4,6.9,11.4,29.2,7.6,30.1,4.6,7.1,9.9,24.6,2.2,3.4,2.3,15.2,5.5,2.7,4,25.2,5.2
01-01-1987,8.2,13.1,4,7.1,12.2,4.9,27.1,3.1,5.1,3.6,13.5,1.8,2.8,1.6,10.8,3.4,2.1,2.9,23.1,4.9
01-02-1987,7.9,13.4,3.9,6.7,11.6,4.6,27,2.8,4.7,3.2,12.6,1.9,3.1,1.5,10.9,3.4,2.4,2.9,22.6,5.5
01-03-1987,9,13.9,5.1,8.4,13.9,5.3,27.6,3.3,5.8,3.6,14.7,2.1,4.7,1.8,13.6,3.8,2.2,3.2,23.2,4.9
01-04-1987,9.3,14.1,5,8.4,15.3,5.3,29.5,3.4,5.3,3.6,14.2,2.1,4.1,1.8,12.8,3.9,2.4,3,25,4.8
01-05-1987,9,14.5,5.6,9.2,16.5,5.6,28.9,3.6,5.7,4.3,15.7,2.1,3.9,1.8,12.8,4,2.5,3.2,24.3,5.4
01-06-1987,8.9,14.8,5,8.3,15.2,5.6,28.4,3.3,5.9,3.3,14.8,1.8,4.1,1.8,12.7,3.8,2.5,3,24.1,5.9
01-07-1987,8.7,14.8,5.6,9,16.5,6.5,29.8,3.4,6.6,3.6,16.7,2.2,4.4,1.8,13.3,3.9,2.8,3.3,24.8,6.1
01-08-1987,8.6,14.2,4.8,7.8,12.4,6.5,28.5,3,6,3.6,16.1,2.4,4.4,1.8,13.3,3.8,2.6,3.3,23.5,5.6
01-09-1987,9.1,15.2,5,8.3,13.6,6.1,30,3.4,6.1,4,16.2,2.6,4.8,1.8,13.9,4,2.8,3.3,24.6,6.1
01-10-1987,10.8,16.8,5.8,9.5,14.1,5.7,30.2,3.7,6.3,4.9,16.9,1.9,4.9,2,14.7,4.5,2.5,3.3,25.7,6.1
01-11-1987,9.4,15.6,5.1,8.6,19.1,4.5,30.9,3.5,6.6,5,16.2,2.6,4.7,1.7,13.8,4.1,2.6,3.3,25.7,6.2
01-12-1987,12.6,19.1,8,12.8,33.6,6.8,35.1,4.8,7,9.7,23.6,3,7.3,2.4,19.5,6.1,2.9,3.6,29.1,6.5
01-01-1988,8.6,14.5,4.9,8.2,13.2,3.6,28.9,3.3,5.1,4.3,13,2.2,3.7,1.5,11.6,3.7,2.5,2.7,24.2,5.9
01-02-1988,8.7,14,6,9.4,13.5,4.3,29,3.4,5.9,4.3,14.5,2.5,4.8,1.6,13,3.8,2.4,2.7,24,5.3
01-03-1988,9.5,15.1,6,9.6,14.8,4.4,30.2,3.6,6.6,4.7,15.7,2.6,6.7,1.7,15.8,4.3,2.5,3.2,25.2,5.5
01-04-1988,9.6,15.1,6.1,9.8,16.6,4.4,30.1,3.7,5.9,4.3,14.7,2.4,5.1,1.7,14,4.1,2.5,3.1,25.2,5.5
01-05-1988,9,15.1,6.7,10.5,16.9,5,29.5,3.8,6.9,4.7,16.5,2.2,5.6,1.7,14.6,4,2.6,3.3,24.7,6.1
01-06-1988,10.2,15.5,6.6,10,15.2,7.4,29.3,3.4,6.9,4.6,18.9,2.1,5,1.9,13.9,3.8,2.5,3.3,24.7,5.4
01-07-1988,10.3,16.6,6.9,10.2,15.2,6.6,30,3.3,6.4,4.6,17.6,2.2,4.9,1.7,13.5,3.7,2.7,3.2,25.1,6.3
01-08-1988,11.7,17.7,6.6,10,13.6,6.7,29.9,3.4,7.4,4.7,18.8,1.9,5.3,1.9,14.5,4.1,2.7,3.3,25.3,6
01-09-1988,11.4,16.9,5.9,9.7,14.9,6.6,29.9,3.8,6,6.3,18.9,1.9,4.9,2.1,15.3,4.6,2.6,3.7,25.4,5.5
01-10-1988,11,16.6,5.2,9,14.6,6.6,30.4,3.8,6.3,6.5,19.4,2.1,4.9,2.1,15.5,4.8,2.6,3.7,25.8,5.6
01-11-1988,11.5,16.7,5.7,9.6,17.6,7.2,29.9,3.9,7.2,7,21.4,2.2,5.5,2.2,16.5,4.9,2.5,3.9,25.2,5.2
01-12-1988,11.5,17.6,8.6,14.9,33.7,10.3,36.1,6.3,8.4,15.8,34.5,3.7,7.3,3.3,23.2,8.2,2.9,4.3,29.6,6.1
01-01-1989,9.5,15.1,6.9,10.7,12.5,5.8,28.5,3.8,6.1,6.4,18.3,1.5,4.5,1.9,14,4.2,2.5,3.6,24.4,5.6
01-02-1989,8.4,13.4,5.4,9.2,10.7,6.8,28.3,3.7,6.3,5.9,19,1.6,4.8,2,14.5,4.4,2.3,3.2,24.4,4.9
01-03-1989,9.1,14.2,7.5,11.7,15,7,32.1,4.2,6.3,4,17.3,3,5,2,15.1,4.4,2.6,3.6,26.6,5.1
01-04-1989,8,13.2,8,12.2,14.7,6.7,30,4.2,6.5,4.3,17.5,2.5,4.6,2,14.6,4.1,2.5,3.9,25,5.2
01-05-1989,9.3,14.4,8.2,12.7,15.3,7.6,30.5,4.4,6.8,4,18.4,2.7,5.2,2.1,15.9,4.3,2.5,4.3,25.3,5.1
01-06-1989,7.9,12.5,8.8,13.1,14.3,6.8,32.9,4.3,7.2,4.2,18.2,3,4,1.8,14.2,3.7,2.4,4.7,27.5,4.6
01-07-1989,8.9,14.2,9.2,13.4,15.9,6.3,34.1,4.2,6.1,4.1,16.5,2.9,4.1,1.8,14.6,3.8,2.7,4.8,28.5,5.3
01-08-1989,8.9,14.4,8.2,12.3,14.3,6.4,35.6,4.1,6.4,4.3,17.1,3.1,4.7,1.9,15.8,4,2.9,5.2,29.6,5.5
01-09-1989,8.1,13.9,7.3,11.7,12.8,7,36.4,4.4,5.9,5.1,17.9,3.4,4.5,2.2,16.2,4.8,2.8,4.8,30.2,5.8
01-10-1989,7.8,13.6,7.2,12.1,15,6.9,36.4,4.9,6.8,5.1,18.8,3.4,4.3,2.3,16.5,5.1,2.7,4.8,30.2,5.7
01-11-1989,8.3,13.9,7.4,11.8,20.7,7.4,36.4,4.4,6.7,5.3,19.3,3.4,4.3,2.1,16.3,4.8,2.8,5,30.3,5.6
01-12-1989,8.9,15.5,8.5,14.9,34.6,8.6,41.6,6.3,9.3,7.7,25.6,5.1,5.8,2.9,21.3,7.3,3.1,5.4,33.5,6.6
01-01-1990,8.3,14.7,5.7,9.9,15.5,6.6,34.5,4.2,7.4,4.7,18.7,2.9,4.1,1.9,14.5,4.3,2.7,4.1,28.9,6.4
01-02-1990,8,13.5,4.8,8.5,12.7,6.5,34.6,3.7,7,4.1,17.7,2.6,5.2,1.8,15,4.1,2.6,3.9,29.4,5.5
01-03-1990,9.3,15.6,6,10.3,16.3,7.3,37.1,4.2,7.6,4.3,19.3,3.3,5.1,2,15.9,4.3,2.8,4.5,30.9,6.3
01-04-1990,8.9,14.8,7.1,11.5,17.3,6.9,35.5,4.4,9,4.6,20.6,3.1,4.2,1.9,13.9,4.1,2.7,3.7,29.7,5.9
01-05-1990,9.4,15.6,7.8,12.3,19,9.1,38,4.5,9,4.8,22.9,3.6,4.6,2.1,15,4.3,2.8,4,31.6,6.1
01-06-1990,9.6,15.4,7.9,12.3,19,7.7,39.1,4.4,10.2,5.1,23,3.9,4.6,2,14.4,4,2.7,3.8,32.5,5.7
01-07-1990,10.3,16.1,7.9,12.3,17.8,7.3,37.8,4.5,9.1,4.1,20.5,3.1,4.4,1.9,14.4,4,2.7,4,32,5.9
01-08-1990,9.8,15.4,7.1,11.4,17,7.6,40.6,4.3,9.6,3.9,21.1,3.4,5,1.9,15,4,2.7,4.1,34.5,5.6
01-09-1990,12.3,18.3,6.4,10.7,16.8,6.9,38,4.3,9.1,4.3,20.3,3.3,4.2,1.9,14.4,4.2,2.7,4.1,32,6
01-10-1990,11.1,17.4,6.4,11,18.1,7.7,39.8,4.6,9.6,4.7,22,3.6,4.9,2.2,16.2,4.6,2.8,4.5,33.4,6.3
01-11-1990,11.7,17.9,6.4,11.1,21.1,7.5,41.9,4.7,9.8,5.1,22.4,4.3,5.2,2.2,16.9,4.8,2.8,4.6,34.8,6.1
01-12-1990,11.2,18.4,8.8,15.1,36.7,9,47.2,6.3,10.2,7.3,26.6,5.7,6.2,2.7,19.9,6.5,3.1,4.6,38.3,7.2
01-01-1991,9.7,16.5,5.9,10.4,16.2,6.6,39.9,4.5,8.6,4.8,20,2.8,4.2,1.9,14.3,4.3,2.9,3.9,34.2,6.9
01-02-1991,11.1,18.2,5,8.8,14.2,6.5,38.8,3.8,8.2,4.3,19,2.8,4.5,1.9,14.5,4.1,2.9,4,33.1,7.1
01-03-1991,9.8,18.2,5.9,10.3,17.6,7,44.3,4.4,9.3,5,21.3,3.4,5.3,2,17.1,4.4,3.4,5.4,37.5,8.4
01-04-1991,10,18.2,7.7,12.7,19.3,7.1,41.4,4.9,10,4.8,22,3,4.4,2.1,15.9,4.4,3.2,4.9,35.2,8.3
01-05-1991,10.5,18.8,7.3,12,20.4,7.6,44.1,4.7,10.1,4.6,22.4,3.4,4.5,2,16.1,4.3,3.3,5.3,37.4,8.3
01-06-1991,10,18.5,6.8,11.3,17.8,7.7,40.9,4.6,9.2,5.8,22.8,3.1,4.4,2.1,15.5,4.5,3.2,4.6,34.6,8.5
01-07-1991,10.5,19.1,7.1,11.7,21.1,8.1,44,4.6,9.1,5.2,22.4,2.7,4.6,2.1,16.1,4.5,3.4,5,38,8.6
01-08-1991,11.2,20.1,6,10.6,18.2,8.5,47.9,4.6,9.6,5.8,23.9,3.1,5,2.4,17.3,5,3.6,4.9,41.2,8.9
01-09-1991,12.2,19.3,6.3,11.1,17.6,6.7,42.8,4.8,10,6,22.8,2.2,4.7,2.3,16.9,5.3,3.2,4.6,37.4,7.2
01-10-1991,14.9,22.8,7.5,13.2,21.2,7.9,45.2,5.7,10.8,6.6,25.3,2.4,4.7,2.8,18.5,6.1,3.4,4.9,39.3,7.9
01-11-1991,14.9,23.1,7.4,12.7,23.1,7.5,46.6,5.3,9.8,6.6,23.8,2.6,4.9,2.7,18.5,6,3.5,5,40.5,8.2
01-12-1991,14,22.4,10.8,18.3,39.5,9.6,51.2,7.5,10.7,8.6,28.9,3.3,7.1,3.3,24.3,8.3,3.5,5.6,44.4,8.3
01-01-1992,10.5,17.2,6.7,11.8,18.9,7.6,45.5,5.1,10.1,6.3,24,1.8,4.8,2.4,16.2,5.2,3,3.8,40.7,6.7
01-02-1992,9.9,16.7,6.2,10.3,16.1,7.2,45.5,4.1,9.1,4.8,21.1,1.9,5.3,2,14.9,4.4,3,3.2,40.6,6.8
01-03-1992,12.8,20.7,7.3,12.4,16.8,7.6,46.2,5.1,9.9,5.3,22.7,1.9,6.2,2.6,17.9,5.5,3.3,3.7,41,7.8
01-04-1992,12.1,19.3,7.4,12.5,20.7,8.5,47.4,5.1,10.2,5.3,24,2.2,4.6,2.5,15.9,5.2,3.1,3.6,42.1,7.3
01-05-1992,12.9,20.9,7.6,12.8,22.1,8,46.8,5.3,11,5.3,24.3,2.1,5,2.4,16.6,5.2,3.2,4,41.4,8
01-06-1992,13,20.8,7.4,12.2,21.9,9.5,45,4.8,10.5,5.2,25.2,2.2,5.1,2.4,15.8,4.7,3.2,3.6,39.7,7.8
01-07-1992,12.1,21,7.4,12.4,19.9,8.8,47.5,5,11.5,5.2,25.5,1.8,5.6,2.4,16.7,5.1,3.3,3.7,42.3,8.9
01-08-1992,12.3,21.1,6.3,10.9,18.2,8.1,47.8,4.7,11.4,5.3,24.7,2.1,5.4,2.4,16.9,5.2,3.4,4,42.4,8.9
01-09-1992,12.7,22.2,6.2,11.2,20.4,7.6,49.7,5,11.7,5.8,25.1,1.8,5.9,2.6,18.4,5.6,3.5,4.3,44.4,9.5
01-10-1992,13.5,23.4,7.8,13.6,22.6,7.8,53.1,5.8,11,6.4,25.2,2,5.3,2.7,18.5,6.1,3.7,4.4,47.4,9.9
01-11-1992,13.1,23.1,7.3,12.6,23.8,7.9,51.8,5.3,11.4,6.7,26,2.5,5.6,2.5,18.6,5.7,3.7,4.8,45.6,10
01-12-1992,14.3,24.9,11.6,19.7,42.4,11.6,59.2,8.2,13.1,11.3,36.1,3.6,8.4,3.5,27.1,8.9,4.1,6.3,51.6,10.6
01-01-1993,10.8,20.9,6.3,11.5,18.9,7.8,52.6,5.1,9.5,5.5,22.9,2.2,4.7,2.3,16.2,4.9,3.7,4.3,46.7,10.1
01-02-1993,11.4,21.4,5.9,10.3,17,7.1,49.2,4.4,9.7,4.4,21.2,2,5.7,2.2,16.7,4.8,3.6,4,43.6,10
01-03-1993,12.4,22.9,7.5,12.8,20.4,9.7,53.4,5.3,10.7,5.1,25.6,2.3,6.7,2.6,19.8,5.5,3.9,4.8,47.2,10.5
01-04-1993,11.1,21.8,8.1,13.5,22.3,11.3,53.7,5.4,9.1,5.2,25.5,2.7,5.6,2.9,19.6,5.8,3.9,5.2,47.1,10.7
01-05-1993,11.3,21,9,14.8,24.7,11.3,54.3,5.8,9.9,5.2,26.4,2.6,6,3,20.6,6.1,3.8,5.4,47.9,9.7
01-06-1993,9.5,19.4,8,13.3,24.7,8.9,51.2,5.3,10.7,4.8,24.4,2.5,6.6,2.5,19.7,5.4,3.7,5.2,45,9.9
01-07-1993,12.6,23.1,7.7,13,20,9,55.1,5.3,10.1,4.8,23.8,2.4,7.4,2.5,20.8,5.5,4,5.4,48.8,10.5
01-08-1993,12.7,22.9,6.4,11.6,18.2,8.7,52.6,5.1,9.5,5.2,23.5,2.5,7.4,2.8,21.8,6.2,3.8,5.4,46.3,10.2
01-09-1993,12,22.9,7.4,12.9,21.2,8.6,54.8,5.6,9.8,4.6,23,2.4,6.8,3,21.2,6.2,4,5.3,48.4,10.9
01-10-1993,16.4,27.4,7.2,12.7,22.6,8.8,57.7,5.5,10.7,5,24.6,2.4,7,3,21.2,6,4.2,5.2,51.2,11
01-11-1993,14.8,25.8,7.5,13.1,24.2,9,57,5.6,11.2,5.7,25.9,2.6,7.3,3.3,23.1,6.8,4.2,5.7,50.2,11.1
01-12-1993,20.3,32.6,12.6,21.6,43.8,13.8,65.9,9,11.9,11.4,37.1,3.6,10.8,5.1,34.2,10.6,5.1,7.7,57.2,12.3
01-01-1994,15.1,23.8,7.2,12.3,19,8.8,55.5,5.1,9.5,4.9,23.2,1.8,7,2.5,19.7,5.2,4,5,49.7,8.7
01-02-1994,14.4,23.5,6.8,11.3,17.4,7.8,53.5,4.6,9.6,4.9,22.3,1.8,7.7,2.4,19.7,5.1,3.9,4.5,47.8,9
01-03-1994,18,29.2,7.4,13.3,22.1,7.8,59.4,5.8,10.7,5.6,24.1,2.5,8.3,3,21.8,6.5,4.6,4,52.3,11.2
01-04-1994,15.4,24.7,8,13.9,22.5,7.4,55.8,5.9,9.8,5.1,22.3,2.3,6.9,2.8,19.7,6.4,4.6,3.6,48.9,9.3
01-05-1994,16.1,25.8,7.8,13.2,23.7,7.9,57.1,5.4,11.6,4.7,24.3,2.2,7.8,2.8,20.2,5.9,4.4,3.7,50.5,9.7
01-06-1994,15.8,26,7,12.3,23.6,7.8,55.4,5.3,9.8,4.5,22.1,2.2,7.5,2.8,19.6,5.5,4,3.9,49.1,10.2
01-07-1994,15.5,24.7,6.7,11.9,21.3,9.3,56.5,5.2,10.9,4.3,24.4,2.3,7.3,3,19.9,6,4.2,3.7,49.9,9.3
01-08-1994,16.8,26.7,6.1,11.5,19.5,11,57.7,5.4,12.9,4.8,28.7,2.2,7.1,3.3,20.7,6.6,4.2,3.6,51.4,9.8
01-09-1994,15.7,25.7,7.1,12.9,21.8,8.5,59,5.8,11.1,5.6,25.1,2.3,7,3.3,20.9,7,4.2,3.6,52.5,10
01-10-1994,15.7,24.7,6.9,13.4,23.2,8.6,63.3,6.6,14.3,6.5,29.4,2.4,6.3,3.3,21.6,8.2,4.5,3.8,56.4,9.1
01-11-1994,17,26.2,7.2,13.5,24,8.5,62.2,6.3,12.3,6.8,27.5,2.5,7,3.9,22.6,7.7,4.5,4,55.2,9.2
01-12-1994,18.6,28.3,10.2,18.9,45.7,13.3,71.7,8.6,14,8,35.4,3.7,9.7,6.5,31.2,10.5,5,4.6,63,9.7
01-01-1995,12.6,21.8,6.2,11.2,18.6,8.4,59.8,5,10.3,5.6,24.3,2.5,6.6,3.2,17.6,5,4.5,2.7,52.7,9.2
01-02-1995,14.7,24.2,6.1,10.7,17.2,7.4,60.2,4.6,10.7,5,23.2,2.7,7,2.8,17.8,5.1,4.7,3,52.8,9.5
01-03-1995,18.2,28.9,7.2,12.6,21.3,9,65.7,5.5,12.1,5.3,26.4,2.7,8.1,3.1,20.3,5.8,5.5,3.3,57.5,10.6
01-04-1995,15.9,25.3,8.3,14.1,23.8,8.5,63.2,5.8,10.6,4.8,23.8,2.5,7.9,3.2,20.3,5.6,5.4,3.6,55.3,9.4
01-05-1995,17.1,26.8,7.9,13.4,22.7,8.7,65.4,5.5,12,4.1,24.8,2.4,8,3,20.9,5.5,5.9,4.3,57.1,9.7
01-06-1995,15.2,24.6,8.3,13.8,22.7,9.5,63.9,5.5,10.9,4.4,24.9,2.6,7.7,3.1,20.4,5.2,5.6,4.3,55.6,9.4
01-07-1995,14.6,23.7,7.9,12.6,25,9.5,63.9,4.7,11.7,4.1,25.3,2.7,9.7,3.1,22,4.5,5.7,4.6,55.6,9.1
01-08-1995,14.6,24.1,7.4,12.4,19.9,8.5,66.4,5,11.7,4.3,24.5,2.7,8.6,2.9,21.7,5.5,6,4.7,57.7,9.5
01-09-1995,14.9,24.4,8.4,13.9,20.5,8.5,65.3,5.5,11.1,5.3,25,2.8,8.7,3.2,22.6,5.9,6.1,4.8,56.4,9.5
01-10-1995,16.5,25.8,8.1,13.8,23.2,8.5,67.5,5.8,11.7,5.3,25.4,2.8,7.9,3.1,22.4,6.1,5.4,5.3,59.3,9.3
01-11-1995,15,24.5,8.4,14.1,25.3,8.8,67.9,5.7,11.9,5.4,26.1,3.1,8.7,3.6,24.3,6.2,5.5,5.8,59.3,9.5
01-12-1995,15.3,24.9,13.1,21.3,46.7,12.5,77.2,8.2,13.9,7.4,33.8,4.9,10.3,5.8,31.5,8.7,6,6.7,66.3,9.7
01-01-1996,12,21.4,7.9,13.3,19.7,9.3,64.8,5.4,11,4.6,24.8,2.9,6.5,3.3,19.6,5.1,5.4,4.8,56.5,9.3
01-02-1996,12.9,22.2,6.8,11.8,17.8,7.8,66.2,5.1,9.2,4.7,21.7,2.9,7,2.9,19.3,4.8,5.5,4.6,57.9,9.3
01-03-1996,14.7,25,8.1,13.6,20.1,8.7,70.6,5.4,10,5.2,23.9,3.2,7.8,3,21.2,5.3,5.5,5.1,61.9,10.3
01-04-1996,13.7,23.3,9.1,15.5,23.6,9.8,66.7,6.4,10.3,4.5,24.6,3.2,6.3,3.5,20.9,5.4,5.9,5.7,57.7,9.6
01-05-1996,14.6,25.3,9.3,15.5,23.6,9,71.3,6.2,10.8,4.9,24.7,3.2,6.8,3.4,21.7,5.3,6.2,6.1,61.8,10.6
01-06-1996,13.6,23.7,8.8,14.8,23.6,9.1,67.2,6,10.9,4.3,24.3,3.2,6,3.4,20.2,5,5.9,5.8,58.1,10.1
01-07-1996,13.2,23.1,9,14.5,22.2,10.6,68.6,5.4,10.4,4,25.1,3.1,5.1,3.6,19.5,5,6.8,5.9,58.7,10
01-08-1996,13.9,24.1,8.1,13.9,20.8,10.4,71.6,5.8,10.9,4.7,26,3.4,5.4,3.6,20.9,6,7,6,61.2,10.2
01-09-1996,13.9,23.9,8.7,14.6,20.3,11.5,67.2,5.9,11.1,4.8,27.3,3.3,4.7,4,21,6.3,6.7,6,57.3,10
01-10-1996,15,25,8.9,14.7,22.8,10.7,70.1,5.8,11.4,5.8,27.9,3.5,4.5,3.9,21.3,6.3,6.6,6.6,60.1,10
01-11-1996,16,25.9,8.1,14.5,25.2,12.1,71.5,6.4,12.8,6.5,31.5,3.7,4.9,4.9,24,7.2,6.6,7,61.1,9.9
01-12-1996,15.1,25.3,12.4,21.4,45.3,19,77.5,9,13.6,7.5,40.2,5.9,9.7,8,35.6,10.1,7,7.9,64.6,10.2
01-01-1997,13.6,22.3,7,13.4,20.1,12.3,66.1,6.3,12,6.2,30.6,3.2,6.7,4,22.7,5.9,4.3,6.2,58.6,8.7
01-02-1997,13.5,22.1,6.4,11.3,18.1,11.3,61.5,4.9,11.3,4.9,27.5,3.2,6.1,3.4,20.8,5.4,4,5.9,54.3,8.5
01-03-1997,12.8,21.9,7.1,12.8,21.3,11,66.8,5.7,12,5.5,28.4,3.5,7.2,3.8,23.5,6.5,4.2,5.9,59.1,9.2
01-04-1997,13.6,23.1,8.6,15.2,20.6,12.6,62.5,6.6,11.1,5.3,29,3.3,6.5,4.2,24,6.9,4,6.4,55.2,9.6
01-05-1997,15,25.4,9.7,16.6,24.5,13.2,67.1,6.9,11.8,5.8,30.8,3.4,7.4,4.4,25.8,7.3,4.2,6.7,59.5,10.4
01-06-1997,13,22.9,7.9,14.1,20,14.5,61.7,6.2,12.5,4.7,31.6,3.3,6.8,4.4,24.2,6.4,3.9,6.6,54.5,9.8
01-07-1997,14.7,25.4,8.9,14.9,25.6,15.6,65.3,6,13.9,5.2,34.8,3.1,7.9,4.2,26.9,6.4,4.4,8.5,57.8,10.6
01-08-1997,12.4,22.9,8.1,14.1,19.2,14,66.5,6,12.9,5.6,32.5,3,7.4,3.8,26.2,6.9,4.3,8.2,59.2,10.5
01-09-1997,12.8,23.7,7.5,13.2,21.3,13.6,64.4,5.7,12.2,6,31.9,3,7.1,4.1,25.1,6.1,4,7.9,57.4,10.9
01-10-1997,14,25.1,7.4,13.9,23.2,15.2,70.8,6.5,13.2,7.2,35.6,3.3,6.7,4.3,26.7,7.2,4.8,8.5,62.8,11
01-11-1997,13.9,24.7,7.7,14.5,26.3,15.2,70.1,6.8,13.7,7.7,36.6,3.4,6.8,4.7,27.5,7.6,4.7,8.5,62,10.8
01-12-1997,13.2,24.9,11.9,21.9,44,23.7,75.9,10,16.7,9.2,49.6,5.5,10.2,7.7,40.2,11.7,5.5,10.6,64.8,11.6
01-01-1998,12.4,21.8,6.3,12.9,23,14.4,69.2,6.6,11.1,6.4,31.9,2.9,5.5,3.8,25.2,7.9,4.5,8,61.7,9.4
01-02-1998,12.5,22.6,5.6,11.6,17.3,11.9,63.7,6,11.4,5.8,29,2.9,5.9,3.5,24.1,6.9,4,7.8,56.9,10.1
01-03-1998,13.9,25.1,6.3,12,19.8,13.1,68.5,5.7,11.8,6.1,31,3.2,7.7,3.9,27.2,6.5,4.4,9,60.9,11.1
01-04-1998,13.7,24,7.8,13.6,24.8,13.7,67.7,5.8,9.6,6,29.3,3.2,5.8,4.5,25.8,6.5,4,9,60.5,10.3
01-05-1998,14.4,25.4,9.1,15,24.5,13.6,69,5.9,12,5.8,31.4,3.4,6.9,4.3,27.6,6.9,3.9,9.5,61.7,11
01-06-1998,13.8,24.4,7.7,13.5,20.3,13.2,65,5.7,10.6,5.6,29.4,3,7.1,4.2,27.1,6.6,3.9,9.3,58.1,10.6
01-07-1998,12.8,23.4,8.7,15.6,27.2,15.4,69.6,6.9,13.2,5.8,34.4,2.9,7.8,3.8,28.7,7.8,5.2,9.3,61.4,10.6
01-08-1998,13.4,24.1,7.1,13.7,19.8,13,67.1,6.6,11.9,7.1,32,2.9,7.2,3.7,27.9,7.7,4.6,9.3,59.6,10.7
01-09-1998,14.2,24.7,7.5,14.1,21.5,12.8,66.6,6.6,12.4,8,33.2,3,7.6,3.9,28.4,7.3,5.1,9.6,58.5,10.5
01-10-1998,16.3,26.5,7.4,14.8,23.9,13.5,71.1,7.4,12.4,8.7,34.6,3.3,7.7,4.2,30,8.1,4.5,10.1,63.2,10.2
01-11-1998,15.3,25.3,7.4,14.6,25.8,14.4,67.5,7.2,12,8.7,35,3.5,7.9,4.7,29.7,7.9,4.6,9.2,59.4,10
01-12-1998,17.2,27.7,11.6,22.2,46.8,22.3,78,10.5,12.8,11.3,46.5,5.8,10.9,7.7,40.6,11.2,5.4,10.8,66.8,10.5
01-01-1999,14,23.4,6.7,12.9,24.6,14.9,71.2,6.2,9.3,8.9,33.1,3.1,7.9,4.1,25.2,6.1,3.9,7.1,64.1,9.4
01-02-1999,13.8,23.2,6.4,12.3,17,14.1,66.2,6,9.1,8,31.2,2.9,9.2,3.9,26.9,6.8,4.2,7.1,59.1,9.4
01-03-1999,15.6,26.1,7.3,14.1,21.3,17.1,73.1,6.8,11.2,8.1,36.5,3.5,11.2,4.6,31.5,7.7,4.6,8,65,10.4
01-04-1999,15.3,25.5,8.7,15.7,23.8,14.3,65.1,7,11.4,8.3,33.9,3.4,11.3,4,30.2,7.4,4.6,7.4,57.1,10.2
01-05-1999,15.6,25,8.5,15.5,23.6,15.2,71.5,7,12,8.8,36,3.5,12.2,4.1,32.2,8.1,4.8,7.8,63.2,9.4
01-06-1999,14.3,23.9,8.2,14.9,19.8,16.4,67.9,6.8,11.9,8,36.3,3.2,11.1,4.2,31.2,7.8,4.7,8.1,60,9.6
01-07-1999,14.9,23.4,8.2,15.9,25.8,18,73,7.7,15.7,9.1,42.7,3.4,11.8,4.1,33.6,9.1,5.2,8.5,64.4,8.6
01-08-1999,14.9,23.1,8.6,15.6,20.3,16.4,71.6,7.1,13.1,9.1,38.5,3.4,11,4.3,32.3,8.7,5.3,8.4,62.9,8.2
01-09-1999,15,23.4,7.5,14.7,22.2,15,72.4,7.2,14.9,9.7,39.5,3.5,10.6,4.2,31.9,8.5,5.3,8.6,63.7,8.4
01-10-1999,14.8,23,7.8,15.5,24,16.4,75.3,7.7,20.7,9.9,46.9,3.5,12.1,4.3,34.1,9.1,5,8.8,66.8,8.2
01-11-1999,16.9,25,8.1,15.2,27.8,16.5,74,7.2,18,10,44.6,3.7,13.2,4.9,38.1,9.1,5,10.9,65.2,8.1
01-12-1999,15.2,23.6,12.6,23.9,49.9,22.7,86.8,11.2,20.5,12.8,56,5.9,17,7.4,50.6,14,6,12.3,74.9,8.4
01-01-2000,13.2,20.3,8.4,14.6,22.1,17.8,76.1,6.2,15.7,9.5,43,3.3,9.9,4.3,29.4,6.8,6.7,8.4,66.1,7.1
01-02-2000,13.5,20.5,7.1,13.1,19.2,17.2,74.3,6,16.3,9,42.4,3.4,10.7,3.9,30.5,7.7,6.5,8.1,64.3,7
01-03-2000,14.5,22.5,8.5,15,21.8,20.3,78.2,6.5,17.4,9.2,46.9,3.5,12.5,4.7,33.9,8.4,5.7,8.4,69,8
01-04-2000,15.2,23.3,9.8,16.6,25.8,16.7,77.8,6.8,15.9,10,42.6,3.6,11.2,4.2,30.9,8.2,6.2,7.3,68,8
01-05-2000,15,23.4,10,17.4,27,21,81.5,7.5,18.4,10.2,49.6,3.5,11.4,4.7,33,8.9,6.8,8.1,71.1,8.4
01-06-2000,17.1,25.7,10.8,19.3,29.3,24.5,82.7,8.5,24.3,12.2,61.1,4.1,11.5,5.4,34.6,10.1,7.7,7.6,70.9,8.6
01-07-2000,16.5,25.7,8.3,15.2,20.8,18.2,82.4,6.9,15.2,8.4,41.7,3.5,11.6,4.7,35.8,8.7,7.7,10.7,71.2,9.2
01-08-2000,16.6,25.8,7.2,14.3,22.4,19,85.6,7.2,15.5,8.7,43.2,3.6,12.2,5.1,37.9,9.2,7.7,11.3,74.3,9.3
01-09-2000,18.1,27.5,8.7,15.8,23.9,17.8,82.3,7.1,15.9,10.8,44.5,3.7,11.1,5.1,37,9.3,7.7,11.5,70.8,9.4
01-10-2000,19.5,29.3,9.2,17.2,25.4,18,86.3,8,17.5,12.2,47.6,3.9,11.2,4.1,37.6,9.5,7.2,12.7,75.2,9.8
01-11-2000,19.6,29.5,9.9,18.4,28.1,19.8,88.1,8.5,18.5,12.2,50.5,4.4,12.4,4.8,40.4,10.3,8,12.9,75.7,10
01-12-2000,19.7,30,15.3,28.1,52.2,25.4,99.3,12.8,19.2,15.7,60.3,6.5,15.2,7.1,54.2,14.8,8.9,17.1,83.9,10.3
01-01-2001,19.4,29.2,9.9,17.3,22.4,17.3,85.3,7.3,16.8,11.4,45.5,3.8,9.3,3.7,35.1,7.9,7.4,14.2,74.2,9.9
01-02-2001,18,27.5,9.1,16,19.1,16.1,82.9,6.9,14,9.6,39.7,3.9,10.5,3.6,35.9,8,7.9,13.8,71.1,9.4
01-03-2001,20.6,31.2,11.4,19.4,24.9,17.8,93,8,16.2,10.4,44.5,4.2,11.7,3.8,40.3,9.2,8.9,15.6,79.9,10.6
01-04-2001,23.5,33,11.6,19.7,25.8,15.9,87.1,8.1,15.1,10.7,41.6,4,8.2,4,35.8,8.9,9.1,14.7,74,9.6
01-05-2001,23.7,33.7,12.4,21.1,26.6,18.4,89.6,8.6,16.3,10,44.7,4.2,9,4.1,37.1,9.6,8.9,14.4,76.5,10
01-06-2001,23,32.9,12.5,20.2,24.2,19.8,87.9,7.7,16.6,9.7,46.2,4.1,8.7,4.6,35.7,8.3,9.3,14.1,74.5,10
01-07-2001,21.3,31.5,11.7,19.9,27.2,23.2,93.3,8.2,17.5,10,50.7,4,9.1,5.1,38.2,9.4,9.7,14.6,79.6,10.2
01-08-2001,21.5,31.9,10.9,19.2,21.9,22.8,98.2,8.3,17.1,10.4,50.4,4.1,8.1,4.6,38,9.8,9.6,15.5,84.5,10.4
01-09-2001,21.2,31.1,10.8,19.3,23,21,96.9,8.6,17.8,12,50.7,4.5,7.9,4.5,35.9,10,10.1,13.6,82.3,9.9
01-10-2001,22.5,33.9,11.7,20,25.9,21.4,101.6,8.4,17.7,12.9,52,4.8,7.8,4.5,35.3,9.2,11.7,13.8,85,11.4
01-11-2001,22.5,33.8,12.3,21.3,30,23.5,104.6,9,18.2,12.7,54.4,5.3,8.2,5.2,37.4,10.3,12.5,13.7,86.8,11.3
01-12-2001,23.6,35.2,17.3,31,53.3,30.1,115.2,13.7,19.3,16,65.4,7.9,11.7,7.4,51.8,15.5,13.6,17.2,93.6,11.5
01-01-2002,20.1,30.4,11.6,20,23.6,22.5,101.9,8.4,16.2,12.2,51,4.9,8,4.5,34.3,8.3,10.8,13.5,86.2,10.3
01-02-2002,20.1,29.9,11.2,18.9,20.3,19.4,95.1,7.7,15.3,9.7,44.3,4.4,9.6,4,33.7,7.9,11.1,12.1,79.6,9.8
01-03-2002,22,32.6,11.7,19.8,24.6,22,104.8,8,15.7,12.6,50.4,5.1,9.8,4,36.5,9,11.4,13.7,88.3,10.5
01-04-2002,20.8,32,13.1,21.1,26.4,21.6,98.5,8,17.2,11.8,50.6,4.9,8.6,4.6,35.4,8.2,10,14,83.6,11.2
01-05-2002,20.8,32.6,14.5,22.8,28.4,24.3,104.9,8.3,17.2,10.9,52.3,5.5,9.7,4.6,37.1,8.4,10.6,14.4,88.8,11.7
01-06-2002,20.7,31.6,13.1,20.6,27.5,24.3,100.5,7.5,17.1,10.5,51.9,6.8,8.7,4.6,34.6,7.4,10,13.9,83.7,10.8
01-07-2002,20.3,31.3,11.5,19.5,24.5,20.2,100,8,16.9,10.6,47.7,5.7,11.8,3.6,38.4,7.9,8.5,15,85.8,11
01-08-2002,21,32,11.8,19.8,24.3,22.6,105.9,7.9,16.3,11.9,50.9,5.9,11.8,4,39.2,8.7,9.1,14.7,90.9,11
01-09-2002,21,31.9,10.9,19.4,24.2,18.8,100.9,8.5,16.3,13.5,48.6,5.7,9.9,3.7,37.4,9.4,8.6,14.5,86.6,10.9
01-10-2002,23.3,35.1,11.5,20.5,27.7,24.7,107.5,9,17.8,14.5,57,6.7,9.5,4.3,35.8,9.2,9,12.8,91.8,11.7
01-11-2002,23.8,35.5,12.6,22.8,33.9,25.3,108.1,10.2,18.5,15.5,59.2,7.5,9.9,4.8,38.7,10.8,9.7,13.3,90.9,11.7
01-12-2002,24.4,36.1,16.4,29.9,52.7,35,117.7,13.6,18.8,17.2,71,11.8,12.8,6.9,50.9,13.9,11,17.3,94.8,11.7
01-01-2003,19.6,30,10.1,17.2,24.3,26.5,104.2,7.1,18.4,13.6,58.5,6.5,9.9,4.6,32.7,6.5,8.6,11.7,89.1,10.4
01-02-2003,20.6,30.8,9.8,16.3,21.5,25.2,97,6.5,17.6,12.2,55,6.4,11.1,4.5,33,6.6,8.4,10.8,82.3,10.2
01-03-2003,24.1,35,12.7,19.8,26.1,27.5,105.5,7.2,19.2,13.9,60.6,6.9,11.6,4.8,35.9,7,9.2,12.5,89.4,10.9
01-04-2003,24,34.5,13.3,20.8,29.1,27.1,103.4,7.5,18.8,12.6,58.5,7.2,9.3,4.7,33.9,7.1,8.8,12.9,87.3,10.5
01-05-2003,25.7,37.2,13.3,20.9,28.6,28.7,107,7.6,19.9,13.7,62.3,7.2,10.2,4.9,36.9,7.3,8.8,14.5,91.1,11.5
01-06-2003,25.3,36.2,13.1,20.6,30.6,29.7,98.2,7.5,20.7,11.6,62,6.2,9.8,5.2,35.8,6.9,8.6,13.8,83.4,10.9
01-07-2003,26.1,37.9,12.3,19.5,25.1,28.4,103.7,7.2,21,11.2,60.5,7.3,11.5,5.1,38.3,7,8.4,14.7,88,11.8
01-08-2003,26.1,38.4,12.1,19.2,24.4,28.2,104.6,7.1,20,12.3,60.5,7.4,11.2,5,39.4,7.5,8.5,15.7,88.7,12.3
01-09-2003,25.7,37.7,11.9,19.5,25.7,28.2,101.3,7.6,19.3,14,61.5,7.3,10.1,5,39.1,8,8.7,16,85.2,12
01-10-2003,22.4,33.6,12.4,20.2,28.3,26.6,108.6,7.8,21.6,14.8,63.1,7.7,9.7,4.9,36.9,7.5,9.1,14.7,91.8,11.2
01-11-2003,22.1,33.3,12.9,21.6,32.9,30,109.2,8.7,20.9,16.4,67.3,8.3,9.7,5.6,39.2,8.8,9.5,15.1,91.3,11.3
01-12-2003,21.6,33.5,17.5,30.4,53.7,41.2,121.6,12.9,22,20.5,83.7,12.7,14.2,8.1,54.2,13.8,10.2,18.2,98.7,11.9
01-01-2004,14.8,26,11.2,19.2,25.9,30.3,110.1,8.1,19.4,15,64.7,7.1,8.6,5,35.6,8,8.2,14,94.8,11.2
01-02-2004,18.8,29.8,11.2,18.3,21.6,25.3,104.2,7.1,17.3,13.9,56.5,7.1,10.1,4.3,35.4,7.7,8.3,13.3,88.7,10.9
01-03-2004,18.9,30.6,12.1,19.7,26.1,28.2,108.3,7.6,19.5,14.2,62,7.6,9.7,4.8,37.7,7.9,8.5,15.4,92.2,11.7
01-04-2004,18.8,30.2,12.7,20.3,28.9,26.4,107,7.7,17.8,13.8,58,7.5,8.6,4.8,35.8,7.7,8.4,14.7,91.2,11.5
01-05-2004,20.1,32,13.8,21.7,29.6,27.4,109,7.9,19.5,13.2,60.1,7.3,8.9,4.8,35.1,7.6,8.3,13.8,93.5,11.9
01-06-2004,19.8,31.4,13.4,21.4,30.6,31,104.4,8,19.7,12.8,63.5,7.2,8.8,5.3,36,7.6,7.9,14.3,89.3,11.6
01-07-2004,20.4,33,11.8,19.1,26,31.2,112.6,7.3,19.3,11.8,62.3,7.7,11,5.6,38.5,7,8.7,14.9,96.2,12.6
01-08-2004,18.8,30.7,11.5,18.8,24.2,30.8,108.4,7.2,19.2,13,63,7.4,10,5.3,37.1,7.4,8.7,14.5,92.3,11.9
01-09-2004,18.5,30.6,12.7,20.4,26.6,26.7,109.4,7.7,19,14.8,60.5,7.5,8.8,5,35.9,7.6,8.8,14.4,93,12.2
01-10-2004,20.9,33.6,13.4,21.5,27.6,27.9,114.6,8.1,23.2,16.5,67.6,8.2,8.3,5.4,35.8,7.5,8.7,14.6,97.8,12.7
01-11-2004,18.2,30.4,13.5,22,31.5,28.8,113.9,8.4,21.4,16.6,66.8,8.4,8.4,5.8,37.6,8.1,9,15.4,96.4,12.1
01-12-2004,18.7,32.1,19.9,32.8,52.3,42.7,129.9,12.8,21.1,21.6,85.4,13.9,11.5,8.4,50.5,13.1,10.2,17.5,105.8,13.4
01-01-2005,15.2,26.6,13.3,21.1,25.3,27.4,112.3,7.8,22,15.3,64.7,7.6,8.8,4.5,31.7,6.7,8.1,11.6,96.6,11.4
01-02-2005,14.1,25.1,10.7,17.4,21.4,22.8,107.1,6.7,21.1,12.3,56.2,7.7,10.4,4.4,33.2,6.5,7.8,11.8,91.6,10.9
01-03-2005,14.7,26.3,13.7,21.1,26.7,24.5,118.1,7.4,22.1,13.5,60.1,8.5,9.2,4.7,33.7,6.6,9,13.1,100.7,11.6
01-04-2005,18.1,30.4,13.8,21.6,25,24.3,113.9,7.7,20.5,13.7,58.5,8.1,8.8,5.5,35.2,6.9,10,14,95.9,12.4
01-05-2005,17.8,30.3,14.5,22.6,28.2,25,114.8,8.1,21.6,13.6,60.1,7.9,8.8,5.6,35.6,7.5,10.4,13.7,96.5,12.5
01-06-2005,17.3,29.1,15.5,23.6,32.6,28.5,112.2,8.1,23.8,11.6,63.9,8,8.2,6,35,7.3,10.3,13.5,93.9,11.8
01-07-2005,17.2,29.6,12.9,20.6,25.3,27.9,115.9,7.7,27,12.6,67.5,8.1,11.3,5.9,41.3,7.6,5.7,16.5,102,12.4
01-08-2005,15,27.2,12.1,19.8,24.8,27.2,117.8,7.7,27.7,13.5,68.4,8.2,10.2,5.8,40.9,8,6.5,16.9,103.1,12.2
01-09-2005,14.4,26.3,14.6,22.7,25.5,27.3,117,8.1,24.8,15.6,67.7,8.1,9.5,5.7,40.2,8,6.8,16.9,102.1,11.9
01-10-2005,14.5,26.3,15.9,24.4,26.4,28.3,120.8,8.5,28.5,18,74.7,8.4,8,5.6,36.4,8.3,6.4,14.5,106,11.8
01-11-2005,13.4,25.4,16.1,25,34.3,32,120.5,8.9,28.6,19.2,79.8,8.8,8.2,5.9,38.4,9,6.4,15.3,105.4,12
01-12-2005,13.6,25.5,22.1,35.3,53.8,44,138.6,13.2,30.2,24,98.2,13.6,10.9,8.8,51.4,13.9,7.4,17.8,117.6,11.9
01-01-2006,10.8,21.7,13,21.3,26.9,32.9,118.2,8.3,28.1,15.5,76.5,7.9,7.8,5.5,35,7.7,5.4,14,104.9,10.9
01-02-2006,11.2,21.9,12.4,20,22.6,27.2,106.7,7.6,24.2,14.3,65.7,7.7,9.8,5.2,37.1,7.7,5.4,14.4,93.7,10.7
01-03-2006,12.7,24.9,15.6,24.2,26.4,29.8,117.9,8.6,25.5,14.9,70.3,8.4,9.3,5.7,39.5,8.3,5.7,16.1,103.8,12.2
01-04-2006,13.2,24.8,17.1,26.2,30.8,30.5,113.8,9.1,25.3,16.1,71.9,8.3,8.4,5.4,36.2,8.6,5.7,13.8,99.8,11.6
01-05-2006,14.7,27,16.3,25.7,28.8,32.1,113.8,9.3,28.1,13.4,73.6,8,8.6,5.9,38,9,5.6,14.5,100.2,12.4
01-06-2006,12.6,24.5,16.2,25.3,34.2,35.8,113.3,9.2,30.1,13.6,79.5,8.2,8.3,6.7,38,8.8,5.7,14.1,99.5,11.8
01-07-2006,13.6,24,14.6,23.3,28.4,34.8,117.1,8.7,29.2,13.2,77.2,8.3,10.6,6.7,41.1,9.2,7.2,14.5,101.6,10.4
01-08-2006,14.9,26.1,13.2,22,26.6,33.2,121.1,8.7,29.7,15.2,78.1,8.4,9.1,5.7,39.1,9.6,7.5,14.7,105.2,11.2
01-09-2006,15.1,26.2,14.5,23.8,24.8,36.2,120.5,9.3,30,17.4,83.6,8.8,8.3,6.1,38.8,10.2,7,14.1,104.7,11
01-10-2006,22,33.7,14.4,23.7,27.9,38.4,121.2,9.3,27.5,19.6,85.4,9.1,9,6.5,39.2,9.8,8.4,13.9,103.7,11.7
01-11-2006,18.2,30.5,14.1,23.4,33.5,42.2,126,9.3,30.4,18.7,91.3,9.7,9.6,7.1,41.2,10.4,8.7,14,107.6,12.3
01-12-2006,21.1,33.9,20.9,35,56.8,57.7,135.7,14.2,32.4,23.9,114,13.8,13,10.1,53.1,15.7,9.5,14.3,112.4,12.8
01-01-2007,16.1,29.3,15.2,23.7,28.2,36.1,116.3,8.5,25.4,17.6,79.2,8.6,10.6,5.9,36.4,8.7,7.8,11.2,99.9,13.2
01-02-2007,16.6,29.5,15.5,23.9,22.8,31.8,112.1,8.4,24.5,15,71.3,8.2,11.2,5.5,37,9.1,7.9,11.1,96,12.8
01-03-2007,18.9,33.8,19.9,29.3,29,36.1,124.4,9.4,27.1,16.2,79.4,9.6,12.9,6.3,41.9,10,8.9,12.5,105.9,14.9
01-04-2007,20.3,34.4,18.5,27.6,29.7,31.7,122.7,9,22.1,15.9,69.7,8.9,10.7,6.2,37.4,8.9,9.8,11.5,104,14.1
01-05-2007,23.9,39.8,18.9,28.5,30.6,34.8,125.6,9.6,24.3,15.3,74.4,8.6,10.8,6.4,39,9.2,10.1,12.6,107,15.9
01-06-2007,23.3,39.7,19.7,28.8,32.4,41,123.3,9.2,25.9,14.8,81.7,8.9,10.2,7.4,38.3,8.9,10.1,11.7,104.3,16.4
01-07-2007,23.7,39.4,18.7,27.1,30.1,35.9,121.2,8.4,20.5,14,70.5,8.7,12.5,6.2,39.6,8.5,9.1,12.3,103.5,15.6
01-08-2007,25.8,42.4,17.2,26.5,26.5,36,126.6,9.3,23.9,15.9,75.9,9.1,10,6.5,39.5,9.7,9.6,13.3,107.8,16.6
01-09-2007,24.3,40.7,18.3,27.4,27.3,34.6,124.1,9,23.8,18.9,77.3,9,10.2,6.6,38.3,9.5,9.5,12.1,105.6,16.4
01-10-2007,25.7,41.7,19.8,28.5,30.6,35,129.1,8.8,21.8,20.5,77.3,9.4,10.5,6.5,42.6,8.2,12.6,17.4,107.1,16
01-11-2007,25.2,41.8,19.3,28,33.9,38.7,132.9,8.7,21.1,20.8,80.6,10.1,11,7.2,43.3,8.8,12.4,16.3,110.4,16.6
01-12-2007,26.4,43.4,27.6,39.7,58.2,52.3,142.3,12.1,22.2,24.4,98.8,15.5,15.2,10.2,56.8,12.4,13.2,19,113.6,17
01-01-2008,22.6,37.3,16,24.4,29.4,35.1,129.1,8.5,19.4,18.8,73.3,10.1,9.7,6.8,39,8.2,10.7,14.2,108.2,14.7
01-02-2008,27.6,42.8,16.2,24,24.3,29.8,126,7.9,18.5,16.4,64.7,9.7,12.9,5.7,40.8,7.8,11.3,14.5,105,15.2
01-03-2008,25.1,41.6,20.2,28,29.3,31.1,135.3,7.8,17.8,18.1,67,10.1,11.6,6.3,40.9,7.9,11.7,15.1,113.5,16.5
01-04-2008,24.3,40.6,22.7,31,30.2,31.6,130.9,8.3,17.2,16.5,65.3,9.4,10.2,7.3,40.1,7.7,11.7,14.8,109.7,16.4
01-05-2008,25.8,42.4,21.5,30.1,30.2,34.1,137.8,8.6,17.9,16.3,68.3,9.9,10.9,6.9,41.7,8,12.3,15.9,115.6,16.7
01-06-2008,24.1,40.3,20.4,28,31.5,37.2,125.5,7.6,18.6,15.6,71.4,9.3,10.3,7,38.9,7.2,11.5,14.5,104.7,16.2
01-07-2008,24.4,39.5,19.9,27.6,30.9,34.3,131.1,7.7,17.3,15.3,66.9,10.6,12,6.5,41.4,7.3,11.2,15.5,109.3,15.1
01-08-2008,25.5,40.4,19,27.5,24.7,34.1,132.2,8.5,18.6,17.5,70.2,8.6,10.8,6.7,41.4,8.3,11.2,15.6,112.4,14.9
01-09-2008,23.6,37.8,20.6,29.9,26.7,31.8,127.1,9.3,16.9,19.5,68.3,9.5,10.1,6.8,40.3,8.1,10.8,15.2,106.9,14.2
01-10-2008,28.2,42.9,22.3,30.9,28.4,33.3,141,8.6,18.2,21.7,73.2,11.6,9.8,7.6,40.2,8.1,11.7,14.7,117.7,14.7
01-11-2008,27.1,41,24,33.4,32.3,36.6,141.6,9.4,18.4,24.2,79.2,11.4,9.7,8.8,41.1,9.3,11.3,13.3,118.9,13.9
01-12-2008,27.4,41,33.2,46.3,56.7,56.5,152.8,13.1,20.7,28.9,106.1,15.5,14.2,13.1,60.3,13.3,12.8,19.7,124.5,13.6
01-01-2009,25.5,38.5,21.1,30.5,30.5,35.8,139.1,9.4,19.5,23.4,78.7,10.8,8.5,8,35.7,7.9,10.6,11.4,117.6,13
01-02-2009,28.6,41.4,18.9,26.6,22.3,30.4,129.5,7.6,17.9,18.2,66.5,9.3,11.6,6.9,34.3,7.2,10.9,8.7,109.3,12.8
01-03-2009,30.8,45,22.6,31.7,27.4,34.2,140,9.1,19.5,20.8,74.5,9.9,10.7,7.8,35.9,7.7,11.1,9.7,119,14.2
01-04-2009,29.4,42.7,24.8,34,33.4,32.7,136.2,9.3,18,21.5,72.2,9.6,9.2,9.3,37.3,7.7,11.4,11,115.2,13.3
01-05-2009,32.7,46.4,27.1,37.3,32,37.7,141.9,10.2,18.8,21.2,77.6,10,10,9,37.9,8.6,11,10.3,120.9,13.7
01-06-2009,30.8,44.5,24.4,33,33.6,42.6,132.5,8.6,20.9,18.3,81.7,9.3,10.1,8.4,35.9,8,10.5,9.4,112.7,13.7
01-07-2009,33.9,49.3,20.3,28.8,30.3,36.6,138.4,8.5,18.3,18.7,73.5,9.6,13,8,39.7,7.8,11.1,10.9,117.8,15.3
01-08-2009,34.1,50.3,18.8,27.6,25.7,36.8,141.7,8.8,18.2,22.2,77.2,9.6,10.8,7.8,37.4,7.8,11.3,11,120.8,16.2
01-09-2009,34.2,50,18.1,26.8,28.7,33.5,136.6,8.7,18.6,25.5,77.6,9.8,9.6,8.3,36.4,7.7,11,10.8,115.8,15.8
01-10-2009,32.9,49,19.1,29.6,31.5,35.2,143.8,10.5,20.9,25.3,81.5,10.1,9.9,9.1,40.4,8.1,9.4,13.2,124.2,16.1
01-11-2009,32.1,47.6,22.6,33.2,35.5,37.7,147,10.6,18.5,27.6,83.8,10.8,10.2,10.5,43.3,8.7,10.2,13.9,126,15.5
01-12-2009,34.5,50,26.9,44.7,57.4,57.1,158.4,17.7,22.6,25.9,105.6,14.4,14.8,17.9,62.8,12.7,12,17.4,132,15.5
01-01-2010,27.8,42.8,17.1,27.3,29.8,35.8,148.7,10.2,20,23.5,79.3,11.1,8.1,10.8,37.8,6.9,15.4,11.9,122.1,15
01-02-2010,31.4,45.6,15.2,24.2,23.8,27.9,139,8.9,17,17.6,62.5,10.4,11.2,8.1,38.3,7,15.7,11.9,112.9,14.2
01-03-2010,34.7,51.5,18.6,28.2,29.2,31.7,153.4,9.7,18.2,21.9,71.9,11.6,10,9.7,40.9,7.5,17.7,13.6,124.1,16.8
01-04-2010,33.9,50,18.8,28.3,30.8,28.3,149.7,9.5,17.5,19.5,65.2,11.2,8,9.1,40,9,18,14,120.6,16.1
01-05-2010,35.6,52.4,19.2,29.3,29.7,29.7,156.7,10.1,17.2,18.7,65.6,11.3,9.3,8.6,40.9,8.5,19.8,14.5,125.6,16.8
01-06-2010,34.5,50.8,18.7,27.8,33.5,35,147.1,9.1,21.4,19.2,75.6,11,8.8,8,38.3,7.5,18.7,14,117.4,16.2
01-07-2010,31.7,49.2,18.1,27.3,29.8,31.5,154.9,9.2,19.4,18.3,69.3,13.3,9.1,7.7,38.2,7.1,18,14.4,123.6,17.5
01-08-2010,31.3,49.6,15.9,24.7,25.7,30.9,155.1,8.8,20.2,19.2,70.3,13.1,9.3,7.5,39.4,8.4,18.7,14.2,123.3,18.3
01-09-2010,31.4,48,17.3,26.1,27.8,28.7,152.2,8.8,18.6,23.1,70.4,13.7,7.9,8.7,38.2,7.7,17.8,13.9,120.8,16.6
01-10-2010,29.4,46.6,18.4,27.9,30.1,29.2,161.1,9.5,29.3,24.8,83.3,13.4,7.5,8.4,38.8,8.4,18,14.6,129.8,17.2
01-11-2010,28.3,45.5,20,30.1,34.8,29.9,160.4,10.1,30.8,24.8,85.6,13.8,8,9.3,42.8,9,19.4,16.6,127.2,17.2
01-12-2010,30.4,47.7,26.3,43.1,56.3,49.9,176.8,16.8,31.1,25.7,106.7,19.3,12.1,16.3,59.3,12.1,22.1,18.7,135.4,17.3
01-01-2011,24.4,41.8,17.7,27.2,29.5,31.2,160.3,9.6,30.3,23.9,85.3,12.5,4.9,8.3,34.5,7.5,18.5,13.8,129.2,17.3
01-02-2011,25.8,42.3,16.4,25.2,23.3,23.3,152.6,8.8,22.8,19.5,65.6,12.2,8.1,6.4,34.2,7.7,18.9,12,121.6,16.5
01-03-2011,29.7,48.3,19.9,29.4,27.7,26.5,163.6,9.6,24.3,21.5,72.4,13.1,6.2,7.6,36.6,8.6,19.6,14.2,130.9,18.6
01-04-2011,27.9,44.8,20.5,30.1,34.5,25.4,158,9.6,21.7,20.8,67.9,11.9,4.4,9.4,36.6,8.9,19.2,13.8,127,16.8
01-05-2011,27.5,46.6,20.3,30.1,30.2,27.3,158.3,9.8,22.6,19.5,69.4,11.6,5.6,7.1,36.7,9.3,19.4,14.6,127.3,19.1
01-06-2011,25.3,43.7,19.6,28.5,32.7,30.6,152.9,8.9,25.1,18.1,73.8,11.2,4.8,7.4,35.6,9.1,18.1,14.3,123.6,18.3
01-07-2011,25,44.4,17.5,25.9,30.8,28.8,159.3,8.4,23.9,18.4,71.1,11.4,5.7,7.8,35.3,9.8,12.4,12,135.5,19.4
01-08-2011,25.3,45.1,15.2,22.9,27,28.1,163.3,7.7,21.9,20.6,70.5,11.3,6.9,7.7,37.2,10.7,13.4,11.8,138.7,19.8
01-09-2011,25.8,44.9,16.4,25.2,28.2,27.1,160.9,8.7,22.3,24.3,73.7,11.5,4.8,10.1,36.8,10.4,12.7,11.6,136.7,19.1
01-10-2011,26.6,45.2,16.9,25.9,29.1,27,170.8,9,23.6,27.6,78.2,11.8,4.5,9.6,36.6,10.9,14.2,11.5,144.8,18.6
01-11-2011,24.5,44.3,17.9,27.3,33,27.8,167.9,9.4,25,25.7,78.5,13.1,5,12.3,40.2,11.6,12.2,11.2,142.6,19.8
01-12-2011,28.4,48.9,26.2,42.1,55,45,188.4,15.9,27,27.6,99.7,19.4,6.7,17.6,53.9,16.1,14.6,13.4,154.4,20.6
01-01-2012,26.9,44.7,16.3,25.8,28.2,27.5,163.2,9.5,24.4,29.2,81.1,10.9,3.8,8.5,32.8,9.2,12.2,11.4,140.1,17.8
01-02-2012,28.2,47.2,15.2,23.5,26.2,23.4,162,8.3,19,21.6,64,11.6,7.2,7.7,36.4,9.7,12.4,11.9,137.9,18.9
01-03-2012,34.3,54.9,20.1,28.9,28.3,27.8,174.2,8.7,20.6,22.9,71.4,11.9,5.3,8.4,37.4,10.6,12.3,13.2,150,20.6
01-04-2012,30.5,50.3,19.5,27.5,30.8,25.5,167.6,8,16.6,24.1,66.1,11.3,4,7.7,34.6,9.4,12.1,13.5,144.2,19.9
01-05-2012,35.2,56,20.5,29.5,30.7,28.4,169.3,9,16.7,20.6,65.7,11.7,4.6,7.9,37.4,10,12.3,15,145.2,20.8
01-06-2012,37,56.8,19.1,27.6,33,31.6,167.7,8.5,18.3,20.2,70.1,11.5,4.4,7,36.3,10,12.9,14.9,143.3,19.8
01-07-2012,31.8,52.4,18.4,26,27.4,30.3,171.5,7.6,19.3,20,69.6,11.1,5,7,33.1,9.4,15.9,11.7,144.4,20.6
01-08-2012,36.4,57.5,17.9,25.8,26.7,29.1,180.2,8,17.3,22.7,69.1,12.2,6.9,7.5,35.9,9,16.5,12.4,151.5,21.1
01-09-2012,38.2,58.1,17.9,25.9,27.3,24.9,175.6,8,20.7,27,72.7,12,5,8.1,33.6,8.7,16,11.8,147.5,19.9
01-10-2012,33.7,52.4,18.9,28,29.2,24.5,178,9.1,20.4,30.4,75.3,12,4.7,8.6,34.1,8.7,13.6,12.1,152.4,18.7
01-11-2012,37.2,56.5,19.8,29.5,32.6,27.1,181.3,9.7,22.6,29,78.8,13.5,5.2,9.3,37.5,9.9,13.1,13.1,154.7,19.3
01-12-2012,39.3,59,28,45.2,56.3,43.8,189.7,17.2,25.1,31.8,100.7,19.7,6.9,14.2,46.7,12.6,14,13.1,156,19.7
01-01-2013,33.5,49.9,17.6,27.7,27.6,28.4,174.7,10,25.3,27,80.7,10.2,4.8,6.4,30,8.5,12.9,10.3,151.6,16.4
01-02-2013,38.4,53.8,16.2,24.4,23.2,23.5,170.4,8.2,18.5,21.5,63.5,9.8,7.7,6,32.9,8.3,12.8,10.9,147.8,15.4
01-03-2013,49.1,68.9,19,27.4,29,24.9,185.7,8.4,18.6,25.9,69.3,11.3,5.8,7,33.6,9.1,13.6,11.8,160.9,19.7
01-04-2013,40.5,58.6,20.7,29.1,28.2,24.2,177.5,8.4,19.1,25.4,68.7,10.4,4.2,6.4,32.5,10.1,16.2,11.8,150.9,18.1
01-05-2013,38.8,57.2,20.8,29.9,28.8,25.6,183.6,9.1,18.2,23.6,67.4,10.5,4.2,6.7,33.6,10,15.2,12.7,157.8,18.4
01-06-2013,40.3,58.6,20.5,29.4,30.2,32.1,176.9,8.9,19.6,21.6,73.2,10.2,4.3,6.6,33.2,10.5,15.1,11.8,151.5,18.2
01-07-2013,42.7,61,17.9,26.1,27.4,27.4,179.9,8.2,17.2,20.9,65.4,10.5,5.4,5.4,34.1,11.1,15.4,12.3,154,18.2
01-08-2013,40.3,58.6,18,26.8,25,26.4,185.8,8.8,16.2,25.1,67.8,11,6.3,6,36.5,11.6,14.9,12.6,159.9,18.3
01-09-2013,39.7,56.7,18.9,27.8,26.2,25.9,179.8,9,17.5,30.3,73.7,10.1,4.4,6.4,33.7,11.1,16.1,11.8,153.6,17
01-10-2013,44.2,63.6,20.9,30.2,27.4,30.1,190.3,9.3,18.2,27.9,76.2,10.6,4,6.6,34.6,10.1,14.7,13.9,164.9,19.4
01-11-2013,39.6,58,22.2,32.6,32.7,33.3,193.7,10.4,18.8,26.3,78.3,11.6,4.8,9.2,40.9,11.8,14.1,15.1,168,18.4
01-12-2013,38.4,56.4,31.5,49.4,56.3,53.8,212.6,17.9,22.6,29.9,106.3,19.4,6.7,12.9,49.4,13.3,15.4,16.5,177.9,18
01-01-2014,30.7,46.3,19.1,29.7,28.7,32.3,189.5,10.6,16.8,23.9,73,10.9,4.8,6.9,33.4,9,13.9,12.7,164.7,15.7
01-02-2014,34.4,48.2,16.5,24.9,21.9,25.5,178.7,8.3,14.3,20.8,60.6,9.8,7,5.5,34.9,9.9,12.6,12.5,156.3,13.9
01-03-2014,39.3,54.7,20.6,29.6,26.7,27.5,195.4,9,16.4,22.7,66.7,11.3,5.8,5.6,35.2,10.2,13.8,13.6,170.3,15.3
01-04-2014,35.9,50.4,22.5,31.6,30.9,26.1,182.4,9.1,15.2,20.6,61.9,11.2,4.3,5.6,32.5,8.9,12.6,13.8,158.6,14.5
01-05-2014,36.5,51.5,21.1,31.1,27.9,27.5,190.3,9.9,16.4,21.6,65.5,10.9,4.7,5.9,35.1,9.7,13.2,14.8,166.2,15
01-06-2014,34.5,49,20.4,29.5,29.3,32.7,180.6,9.1,15.6,19.5,67.8,10.6,4,5.5,33.4,8.9,12.7,15,157.3,14.5
01-07-2014,35.9,52.8,19.8,29.4,28.9,30.2,185.7,9.6,16,19.3,65.5,11.3,5.3,5.9,38,10.1,11.4,16.6,163,16.9
01-08-2014,35.1,54.1,17.4,27.2,24.1,30,193.2,9.8,15.8,22.6,68.4,12.2,5.8,5.7,37.2,9.3,11.8,16.4,169.3,19
01-09-2014,38.3,57,18.5,28.6,26.6,30.7,187,10.1,16.3,27.1,74.1,12.2,4.6,7,37.4,10,12.7,15.6,162.1,18.7
01-10-2014,35.5,55.1,19.3,30.8,29.3,30.9,198.2,11.4,17.2,30,78.2,13.4,4,8.3,38.9,11.2,11.4,15.4,173.4,19.6
01-11-2014,38.2,59.2,22.7,35.1,32.6,34.2,201.3,12.4,18.8,28.8,81.8,13.8,4.5,9.8,42.9,12.2,11.5,16.4,176,21
01-12-2014,42.3,63.4,32.6,55.4,55.5,50,214.7,22.8,22.8,30.7,103.5,18.3,7.3,15.2,51.6,13.9,13.5,15.3,182.9,21.1
01-01-2015,33,50.3,18.4,30.6,28.1,32.3,194.4,12.1,16.3,25.5,74.1,12.6,4.9,7.4,34.6,10.8,12.9,11.4,168.9,17.3
01-02-2015,36.8,54,16.1,26.1,21.7,26.7,185.5,10,14.3,23,64,11.8,7.9,6,35.6,10,12.3,11.6,161.5,17.3
01-03-2015,42.3,62.2,19.3,30.2,27.4,28.7,200.8,11,15.2,24.8,68.7,13.2,6.2,6.6,36.1,10.8,13.9,12.4,173.7,19.9
01-04-2015,35.3,55.4,21.9,33.8,30.7,26.9,193.7,11.9,14.9,21.3,63.2,11.5,4.9,7.1,35.3,10.8,13.4,12.5,168.8,20.1
01-05-2015,38.4,59,22.1,33.7,28.6,29,203.9,11.6,17.5,22.4,69,11.5,5.5,7.2,36.8,11.4,13.2,12.6,179.3,20.6
01-06-2015,38,58.6,21.8,33,29.5,33.2,191,11.3,17.3,21.5,72,10.8,4.8,6.5,35.3,11.7,13.3,12.2,166.9,20.5
01-07-2015,37.3,58.8,19.8,31.3,29.4,30.1,194.8,11.4,16.9,20.2,67.2,10.6,7.1,6.1,38.4,12.7,11.3,12.6,172.9,21.5
01-08-2015,37.6,58.9,17.6,28.8,25.5,29.2,197.5,11.2,17.4,21.9,68.6,10.9,8.2,6.1,39.7,12.1,10.3,13.3,176.3,21.3
01-09-2015,39.4,60.2,19.6,31.2,27.6,27.6,189.2,11.6,18.5,26,72.2,11.3,6.3,8.1,40.7,12.6,9.5,13.7,168.4,20.9
01-10-2015,41.5,61.9,20.2,31.2,31.3,29.6,201.8,11,18.8,28.5,77,12.5,5.9,8.3,42.5,14.3,10,14,179.3,20.5
01-11-2015,44.2,64.7,20.1,30.9,32.6,32.5,200,10.8,24.9,27.6,85,12.3,6.6,9.8,46.9,15.2,9.4,15.3,178.3,20.5
01-12-2015,49,70.3,33.9,54.2,58.3,49.4,218.9,20.3,34.1,32.3,115.8,18.1,9.5,17.7,62.6,18.5,9.6,16.8,191.2,21.3
01-01-2016,38.6,58.6,19.6,31.7,29,32.2,199.8,12.1,28.9,28.1,89.2,11,5.4,8.2,41,13.6,9.9,13.8,178.9,20
01-02-2016,43.8,63.2,17.8,28.2,23,30.1,195.3,10.4,24.1,23.9,78.1,10.9,7.5,6.5,41.8,14,9.2,13.7,175.1,19.4
01-03-2016,45.6,68.2,21.8,32.3,28.5,31.1,204.9,10.5,23.4,24.3,78.7,12.5,6.2,6.6,42.4,15.1,8.8,14.5,183.6,22.5
01-04-2016,41.2,64.5,23.2,36.2,30.3,30.6,195.2,13,24.5,23.9,79.1,11.3,5.2,6,41.9,16.3,9,14.5,174.9,23.3
01-05-2016,40.4,63.7,23,34.8,30.5,31.2,195.7,11.8,23.4,22.5,77,11.2,5.4,5.7,44.1,17.4,9.3,15.7,175.3,23.3
01-06-2016,36.9,62.1,22.9,33.5,32.1,35.2,189.8,10.5,23.7,20.3,79.2,11.1,4.8,5.3,40.5,14.9,9.6,15.5,169.1,25.2
01-07-2016,41.6,66.8,20.9,31.2,27.3,32.3,198.9,10.4,25.1,23,80.4,12,5.8,6.5,45.4,16.7,9.9,16.3,177,25.2
01-08-2016,44.5,70.5,19.3,29.5,25.1,30,198,10.2,21.7,25.1,76.8,12.1,6.6,6.3,45.8,17.9,9.9,15,175.9,25.9
01-09-2016,43.9,69.1,20.2,30.9,27.3,31.1,197.7,10.7,22.4,29.6,83.2,12.4,4.9,7.6,45.4,17.9,9.4,15,175.9,25.2
01-10-2016,41.9,66.6,21.6,32.4,29.7,30.9,212.7,10.8,26.8,34.5,92.2,13.4,5,8,46.7,18.5,10.7,15.2,188.6,24.7
01-11-2016,41.6,65.9,23.4,35.3,33.2,33.5,210.5,11.9,26.2,36,95.7,14.3,5.5,9.8,52.1,19.9,11.3,17,184.9,24.3
01-12-2016,42.5,68.3,34.7,58.8,58.2,50.9,232.4,24.1,33.7,33.3,118,21.1,8.7,15.9,67.4,23.1,11.2,19.7,200.1,25.8
01-01-2017,35.1,57.3,21.1,34.3,30.3,35.3,204.5,13.2,25.9,29.8,91.1,13,5.2,7.9,45,16.4,12,15.5,179.5,22.3
01-02-2017,39.8,61.6,17,27.1,22.4,31.1,193.4,10.2,20.9,25.5,77.4,12.3,6.6,6.4,44.8,15.7,11.1,16,170,21.7
01-03-2017,44.6,68.9,21.4,32.1,28.3,31.7,208,10.7,22.3,28.4,82.4,13.5,5.7,8.3,47.6,16.8,11.4,16.7,183.1,24.4
01-04-2017,41,63.6,23.7,35.6,32.9,29.9,205.8,11.9,22.8,28,80.7,13.4,4.9,7.4,45.6,15.7,12.6,17.6,179.8,22.7
01-05-2017,41,65.6,22.9,35.7,29.3,32.1,205,12.7,24.9,28,85.1,13.2,6,6.8,49.2,17.6,11.5,18.8,180.3,24.6
01-06-2017,39.4,63.4,22,34.2,30.7,37.8,194.9,12.2,25.3,26.5,89.6,12.3,4.3,7.2,47.4,17.4,10.5,18.5,172.2,24
01-07-2017,42.5,69,19.4,30.8,28.5,34.1,198.6,11.4,27.2,25.3,86.6,11.7,6.5,7.6,50.7,17.2,10.5,19.4,176.4,26.5
01-08-2017,43,70.4,17.6,28.8,25,31.5,197.2,11.2,24.9,24.9,81.2,11.8,6.5,6.4,51.1,18.4,9.6,19.9,175.8,27.4
01-09-2017,44.3,71.2,18.8,30,27.7,30.6,196.3,11.2,25.5,30.1,86.1,12.4,5.8,7.8,51.2,17.8,9.8,19.8,174.1,26.8
01-10-2017,41.7,66.6,19.1,31.9,30.7,33,205.1,12.8,28.1,35,96.1,13.9,5.2,8.6,53.5,19.5,10.7,20.1,180.5,24.9
01-11-2017,40.9,66,21.6,35.4,32.1,41.7,207.2,13.9,29.3,31.9,102.9,13.6,5.9,10.6,59.3,21.7,11.9,21.2,181.7,25
01-12-2017,39.6,63.6,33,61.3,53.5,58.9,231.3,28.3,32.7,34.2,125.8,20.5,8.9,17.3,75.6,24.8,14.1,24.6,196.7,24
01-01-2018,33.8,54.9,21,35.5,29.5,36.9,198,14.5,28.9,29.9,95.7,11.8,4.8,8.8,51.2,18.3,11.4,19.3,174.8,21.1
01-02-2018,37.2,59.8,18.5,30.4,21.7,31.1,189.1,11.9,24.7,26.3,82.1,11.4,5.5,7.7,49.4,18.1,11.7,18.1,166,22.6
01-03-2018,44.3,71,22,34.9,28.3,34.5,214.1,12.9,25.3,28.8,88.6,14.2,5.7,9.2,53.3,19.4,14,18.9,186,26.7
01-04-2018,40.6,67.3,22.5,36.1,28.8,32.2,200.6,13.6,24.6,28.4,85.2,12.6,4.4,8.9,51.3,19.1,12,18.8,176.1,26.7
01-05-2018,40.9,67.6,24.6,39.5,30.9,33.4,203.5,15,25.7,28.5,87.6,12.3,4.2,9.1,53,20.7,12.4,18.9,178.8,26.7
01-06-2018,40.7,67.2,24.5,39.3,31.1,40.4,199,14.9,28.5,25.8,94.6,12,4.1,9.4,54.3,21.4,12.8,19.4,174.2,26.5
01-07-2018,43.8,70.4,22.9,36.1,27.6,34.3,200.4,13.2,27,25.4,86.7,12.5,5.3,9.8,54.5,21.8,11.4,17.5,176.5,26.6
01-08-2018,41.7,69.2,22.1,35,25.6,30,206.1,12.9,25.9,26.6,82.5,13.5,5.4,8,53,22.6,11.4,16.9,181.3,27.5
01-09-2018,41.4,68.6,23.4,36,26.6,32.5,203.4,12.7,26.7,32.7,91.9,13.4,5.2,8.2,52.4,20.8,11.3,18.1,178.7,27.1
01-10-2018,41.7,70.2,24.4,36.8,29.9,32.1,214.8,12.3,28.7,37.6,98.4,13.3,4.1,8.5,57.5,25.6,10.3,19.3,191.2,28.5
01-11-2018,44,71.6,27,41.2,32.6,40.4,218.1,14.2,31,37.4,108.8,14.4,5,10.6,61.3,25.2,11.1,20.5,192.7,27.6
01-12-2018,40.9,70.1,35.5,60.3,53.7,54.2,246.9,24.7,34.9,36.4,125.5,21.7,8,16.3,76.7,29.3,14.2,23.2,210.9,29.1
