"i2p","p2i"
-10,-10
-77,-45.8000001907349
-14.0000000968575,-18.3000001907349
-10,-2
-20,0
-20.5,-7
-14,-41.2000000476837
0,-3.40000009536743
0.699999809265137,-13.4000000953674
1,0
-11.2000000476837,-9.60000014305115
-6.80000019073486,1
-6.79999995231628,-10.2000000029802
2,2.79999995231628
-20,0
0,0
-12,3.79999995231628
3.09999990463257,1.5
-3,-22.2000000476837
-1.40000009536743,-10
-27.3999998569489,-20.2000000029802
-4.40000009536743,0
-12.5999998152256,-9
0.499999970197678,-3.40000009536743
0.899999998509884,-4.70000009983778
-9.19999980926514,0
2.79999995231628,-0.400000005960464
2.99999999254942,7
-13.4000001996756,-10
2.29999998211861,-7.20000004768372
-5,-0.300000071525574
-12.2000000476837,0
-10.1000000014901,0
2.79999995231628,9
-10,-4
0,0
-2.40000009536743,1
-2.20000004768372,0
-1,-0.100000001490116
-4.50000009685755,-6
15,0
5.40000009536743,-10
0.600000023841858,0
-5.10000009834766,0
-4,-14.4000000953674
1,-3
6.2000000923872,-0.699999928474426
-2.40000005066395,0
0,-4
2.60000009834766,-2.30000007152557
-8.40000009536743,-6.50000009685755
-10.1000000014901,-23
-2.40000009536743,2.59999994933605
-19,-2.10000000149012
-0.200000002980232,0
-21.5,-43.5
-30.4000000953674,-9.40000009536743
-27.6000000014901,8.20000018924475
-5.5,-19
0,-4
-13.3000000715256,-5.30000007152557
-5.59999991208315,-3.40000009536743
-4.40000009536743,-10.4000000059605
-29.0000001937151,0
-3.00000004470348,1
6,0
-20.4000000953674,0
1.40000000596046,-10
-6,-6.40000009536743
0.300000190734863,-20.4000000953674
-21,-25.4000000953674
-52.4000000953674,0
-10.1000000014901,0
5.09999990463257,-4.20000000298023
0,0
0,-11
0,-2.20000004768372
0,-10.2000000029802
2,2.79999995231628
-17,-7
-2.40000009536743,-1
0.599999904632568,-7.40000009536743
0,-5
-22.0999999046326,-3.40000009536743
-20,-10
-8.30000019073486,0
-5.19999980926514,-9.09999990463257
-10,-10
-20.9000000953674,-6.40000009536743
0.400000095367432,-20
-6.59999990463257,-4
0,-4
0,-4.40000009536743
7.5,0
-50,-30
-18.3999998122454,2.79999995231628
-2.20000004768372,0
-20,-9.19999980926514
-22.1999998092651,-10
-10,-6.80000019073486
-4.40000009536743,-9
-18.400000192225,0
-42.3000001907349,0
-10,-10.2000000029802
-31,-14
0,-2.20000004768372
0,-10
0,-10
0,0
-10,0
-10,-2.40000009536743
-68.7999999076128,-2
0,0
5.40000009536743,0
0,-5
0,-8.30000019073486
-5,-2
-34.4000000953674,0
-80.2000000476837,-22.8000000566244
-22.3000000417233,-9.90000005066395
-4.10000002384186,-10.3000001907349
-3,-17.2000000476837
0.899999998509884,-0.400000095367432
6.79999999701977,2.79999995231628
3.1999998986721,0
5.19999980926514,0
6.5,-2
0.499999925494194,5.49999990314245
-4,0
16.5,-2
0,0
0,-2
0,0
-9.19999980926514,2.79999995231628
-31.4000000953674,0
-12.9000002890825,0
-7.69999976456165,0
-1.60000002384186,2.5
-28.1999998092651,-0.400000005960464
0,3
1,2.59999994933605
6.5,0
0,0
1,0
0,-10
0,0
-11.1999998092651,-7.79999995231628
0,0
-5,-4.40000009536743
-8,0
-4,-4.20000004768372
-14,-6
-5,0
-23,-22.7000000029802
-7.19999992847443,-24.2000001519918
-8.20000000298023,-3.50000009685755
-6.99999991059303,0.500000089406967
-40.4000000059605,0
-22.2000000476837,-10
-42,-16
-41.4000000506639,-2.20000004768372
-3,-19.2000000029802
-2.80000007152557,0
-0.400000005960464,2.79999995231628
-213.100000061095,-34.8999999761581
-72.9000000953674,-27.6000000983477
-20.1000000238419,-2.40000009536743
-12.0000000596046,-20.4000000804663
-116.29999999702,-36.2000000029802
-58.4999999254942,-24.8000001013279
-30.8000001907349,-3.59999997913837
-50.700000077486,-10
-73.8000000119209,-32.2000001072884
-36.7000000029802,-17.2000000476837
-1.20000021159649,2.69999997317791
-10.1000001430511,-20.30000038445
-21.1000000014901,-3
6.5,-11
-48.7999999523163,-24.4000000953674
-9.99999976158142,0
-14.2000000476837,-14
-7.20000000298023,0
-1,-10
3.5,0
-31.1000000238419,-4.20000004768372
-19,-0.200000002980232
-22.9999999552965,-5
-6.40000009536743,-9
0.299999952316284,-3
-9.20000019669533,1
-10,0
0,0
0.0000000894069671630859,-2
-9,0
-8,2.79999995231628
-28.1999998092651,-17
9.29999999701977,-9
1,-19
0,-10
-18.5000000968575,-3.60000000149012
-51.5,-3.7999999076128
-1.40000000596046,-3
0.400000005960464,1.20000004768372
-14.8000001013279,-10.2000000029802
0,0
-9,-2.09999997913837
-13.0999997854233,-4.40000009536743
-17.6999998092651,2.89999997615814
1.40000009536743,0
2.90000009536743,1
6.5,-6
6.20000004768372,0.399999976158142
-2.20000004768372,0
0,-9.0999998152256
0,-1.89999997615814
-10,-4.40000009536743
-17.5,-9.69999980926514
-2,-20.6999998092651
-18.3000001907349,0
-4.40000009536743,8.90000009536743
-10,-15
-0.699999809265137,-5
-10,3.59999990463257
0,0
0,0
0,0
0,0
0,-2.20000004768372
6.5,-0.200000002980232
-3.40000009536743,1
1,2.79999995231628
9.29999995231628,1.89999997615814
0,0
-4,-10
0,2.79999995231628
0,0
0,0
-19.5999997854233,0
-9,-18.6999998092651
-49,-4.40000009536743
7.19999992847443,-6.90000021457672
-15.4999998807907,2.79999995231628
-79.8999999761581,-10
-39.3000000491738,-0.400000005960464
-32.4000000953674,1
-7.5,-0.100000001490116
-8.40000009536743,0
0,0.5
0,-9
-30,0
-5.40000000596046,-3.40000009536743
-4.40000009536743,0
0,0
0,0
0,0
-10,0
-2.5,-6.60000014305115
3.79999995231628,2
0,0
-4.09999990463257,-2.20000000298023
-9,0
2.89999999850988,0
-3.40000009536743,-10
-3.40000009536743,0
-3.90000009536743,0
-5.30000019073486,0
-20,0
-27.0000002384186,-9
-4.40000009536743,-9.40000009536743
1.00000004470348,0
-10.1000000014901,0
-20.8000001907349,-4.40000009536743
-15.6000001430511,-7.10000002384186
4.89999997615814,0
-20,0
-5,-20
-14.0999999046326,0
0,0
-10.8999999761581,-20.2000000476837
-7.59999990463257,0
0,-7
0,0
-20,-0.100000001490116
-4,-0.200000002980232
0,0
-9,-18.6999998092651
0,2
0,0
-4.40000009536743,-10.2000000029802
-14.0999999046326,0
-6,0
-1.40000009536743,0
-21.4000000059605,0
-30,0
0,0
0,0
-5.19999980926514,0
4.10000018775463,0
0,-10
-20,0
-0.200000002980232,0
-12.6999998092651,-6.20000000298023
-23.7000000476837,-2.20000004768372
-50,-28
-12.2000000923872,1
-9.40000009536743,0
-5,0
-8.09999990463257,0
0,0
-10,-0.200000002980232
-10,-18
1.89999997615814,-1.20000004768372
-10,0
0,-10.2000000029802
-4,0
0,0
-15.4000000953674,-8.69999980926514
1,-8.20000028610229
-22.8000001907349,0
-10,0
1.5,0
2,0
0,0
0,0
1,-4
-24.3000000715256,3.79999995231628
-3.90000009536743,1
-23.8999999761581,2
-12.3000000044703,-10.2000000029802
-23.6000000983477,-5
-3.20000004768372,0
-8.59999990463257,-5
-9.7999999076128,3.59999990463257
-40.0999999046326,-27.1000000014901
-18,0
-7.10000002384186,1
2.79999995231628,-26.2000000029802
-94,-9
-47.6000001430511,-15
-7.10000002384186,-4
-28,-5.40000009536743
-5,0
-27.4000000506639,8.00000018626451
-28,0
-12.4000000953674,-2
-19.7999999076128,-9
-31.3000000491738,-0.200000002980232
0,-16.5000001192093
-6.29999995231628,0
-26.5000001937151,0
-8.30000019073486,0
0,-3
0,0
0,-3.40000009536743
-37,-14
-16,-6
-8.80000019073486,-10
0,0
-19.1000000014901,0
-8.10000002384186,0
-7.59999990463257,0
1,-14.4000000953674
-33.4000000953674,2.69999995082617
-42.5999999046326,0
0,0
-18,0
0,0
0,0
0,0
-5,0
-4.40000009536743,-9
-10,0
-10,-33.4000000953674
-5,0
0,-19
0,0
0,0
-60,-17.3999994546175
-4.40000009536743,3
3.40000009536743,-4.2999999076128
-18.8000001907349,0
-77,-7.69999980926514
2.90000009536743,-9.0999998152256
-15.2000000029802,0
0,0
-8,1.89999997615814
-39.4000000953674,1
-24.7000000476837,0
-42.8000001907349,0
-20,-6.40000005066395
0,0
-8.70000014454126,-73.4000000953674
-8.30000019073486,0
-9.20000024139881,2
-4.20000004768372,-6.20000004768372
-53.2000002861023,0
-15.2000000029802,-10.5999997854233
-48.8000001907349,6.5
-81.2000000476837,-12
-52.9000000953674,-3.50000009685755
-17,-0.400000005960464
-7.09999990463257,-9.40000009536743
-16,0
-98.4000000953674,-20
-24.3999996930361,0
-6.79999983310699,0
-18.4000000953674,0
-57.2000002413988,-4.40000009536743
-78.1000000983477,-18.2999997138977
-4.09999990463257,-37.3999996185303
-27.6000000014901,-2.40000000596046
-2.40000009536743,6.49999988079071
0.799999713897705,0
-55.0000002384186,0
-43.4000000953674,-19
0,3
-12.4000000953674,-3.20000004768372
-28.4000000953674,-9
-28.0000002533197,-6.20000004768372
-83.5999999046326,1.20000004768372
-51.8000001907349,-12.0999999046326
-25.4000000953674,0
-13.0999999046326,-2.5
-4.40000009536743,0
-24,12.4999998807907
-16.8000001013279,-18.7000002861023
-15,0
-6.80000019073486,-7.79999995231628
0.0999999046325684,-7.5
-0.600000143051147,-19.2000000029802
10.6999999284744,4.69999992847443
-4.40000009536743,-8
-6.99999997764826,-10
17.7000000923872,0
-13.2000002861023,-4.69999980926514
-10,0
-5.40000009536743,1
-26.4000000506639,-10.4000000059605
-24.4000000953674,-7
-7.8000001013279,-9.20000000298023
-3.40000009536743,1
-21,-10
-35,0
0,-4.40000009536743
-27,0
0,-13.0999999046326
-45.2000000029802,0
0,-0.400000005960464
-1.40000009536743,0
-14.4000000953674,-2.29999962449074
-27,-20
-76.7999999076128,-9.10000000149012
-76.1999998092651,0
-3.20000028610229,-0.699999809265137
-120.600000143051,-12.999999910593
-119.800000429153,-62.9999999552965
-99.4000000506639,-37.2000001966953
-53.4000003933907,-38
-137.699999809265,5.70000052452087
-121.40000000596,-14.900000333786
-78.7999999523163,1.29999996721745
-130.700000047684,-26.3999998122454
-40.2000000029802,-45.4000000953674
-109.40000000596,-20.000000089407
-64.5999999046326,-30.2000001966953
-95.8000002354383,-19
-29.1999988555908,-15.0000000968575
-31.7999997138977,-13
-97.5000004768372,-18.0000001937151
-63.1000001430511,-10.0000002384186
-28.8000001460314,-14.8000001013279
-87.7000000998378,-15.8000001907349
-42.8000001907349,-4.10000009834766
-51.2000000476837,-21.3999996185303
-33.8000001460314,-41.2999993562698
-30.4999997168779,-15.2000000476837
-25.0999999046326,-8
-86.6000002622604,-8.40000009536743
-138.499999761581,-32.6999996230006
-20.6000000238419,-5
-12,-6.19999980926514
-66.0000001937151,-35.4000000953674
-56.1999998092651,-5.19999980926514
-17.2000000476837,-4
-45.80000038445,3.59999990463257
-68,-20
-114.600000143051,6.79999995231628
-49.8000001013279,-39.7999998107553
-31.8000000566244,-26.1000000014901
-42.2000000029802,-10.2000000476837
-32.2000003829598,4.79999999701977
-54.1999995261431,-20
-60.4000000059605,-0.100000001490116
-16.6000000983477,-15.2999998107553
-17.2000000998378,-3.70000000298023
-25.4000000953674,-18.7999999970198
-133.40000000596,-11
-82.4000000059605,-15.9000001996756
-55.3000000491738,-25.5000000521541
-39.8999998122454,-15.2999999821186
-8.39999990910292,-7
-77.0000002384186,4.2000000923872
-85.1000001728535,28.5
-85.5000000521541,-35.4000000506639
-11.4000000059605,0.699999958276749
-66.1000000014901,-17.9000000953674
-0.800000101327896,-11.4000000208616
-41.8000001013279,-29
0.5,-10.2000000029802
-12.9999999180436,4.5
-10.4000000059605,-5.69999983906746
-15,-3.59999990463257
-13.4000000953674,-32.2000000476837
-50.9000000953674,-8.80000019073486
-40.0000002384186,-24.2000000029802
-23.2000002861023,-5.60000014305115
-14.2999999523163,-25.1999999284744
-49.4000000059605,-3
-31.000000089407,-6
-4.49999973922968,-21.4000000953674
-58.0000002980232,-10.0999999940395
-120.40000000596,-14.1000000014901
-100.699999958277,-4.5
-51.0000000968575,-41.1000001505017
1.59999999403954,-2
-21.6000001430511,-40.1000000014901
-2.30000001192093,-7.60000009834766
-9.40000019222498,-2.70000000298023
-33,-13.2000000029802
-50.5999999046326,-14.6000000983477
-36.2000000029802,-4
-35.4000000953674,-8
6.09999978542328,-3.60000020265579
4.5,0.800000190734863
-12.0000001192093,3.5
-12.9000000804663,4.40000002086163
0,-17.4000000953674
-22,-9
-35.4999998360872,-13.6000000536442
-15.2000000476837,6.00000004470348
-33.7000000476837,-1.40000005066395
-8.50000010430813,-15
-45.4000002145767,-2.80000007152557
-32.7999999523163,-3.79999995231628
-20.4000003114343,-18
-50.7999998107553,-30.1000000014901
-48.4999997615814,-15.0000001937151
5.5,-24.7000002861023
-6,-0.500000014901161
-34.3000001907349,-36.1999998092651
-35.8000001013279,-17.2000000029802
-49.8999998643994,-56.8000001013279
-45.0000000074506,-8.5
-44.0999999046326,-10.8999999761581
-31.4000000953674,-3.39999997615814
-21.4000000953674,7
-85.8000001460314,-12.4000000953674
-12,-8.79999981075525
-5.50000007450581,-14.4000000506639
-13.7000002935529,0
-31.4000004827976,-11.4000000059605
-59.4000003039837,-3.20000004768372
-8.40000009536743,0
-58.8999996185303,-0.200000002980232
-34.5,-4.69999980926514
-32.6000000983477,1
-1.7999999076128,3.49999990314245
-29.9000001698732,-22
-1.70000004768372,3.1000000834465
-19.2000002861023,1.39999999850988
-5.5,0
-62.5,-8.60000005364418
-5,1
-40,-2.20000004768372
-32.1999998986721,-8.40000009536743
-80.4000000506639,0.600000023841858
-23.1000000014901,0
-75.9999997615814,5
-65.7000000476837,-14
-17.4999999552965,-39.5999997854233
-28.8000001460314,-16.6000000983477
-17.4000000953674,-13.1000001952052
-2.80000014603138,-24
-38.2000002861023,-2.5
-23.9000000953674,0
-40.5999999940395,0
-47.1999998092651,-9.30000001192093
-15.6000000983477,-14.6999998092651
6,0
-27.4000000059605,0
-9,0
1.09999990463257,-20.8999998569489
-11.5,0
0,0
-24,0
0,-26.0999994277954
-62.1999997198582,5.59999999403954
-20,2.90000009536743
-26.8000001907349,-18.4000000506639
-1.39999985694885,-9
-6.70000000298023,-4.70000016689301
-62.5,-23
-0.200000002980232,-40.2000000029802
-36.2000002861023,-28.8000001907349
-25.3999998122454,0
-19,-17
-18.8000000566244,-24.1000000238419
-58.0999999940395,-9
-17.0000000298023,-0.400000005960464
-77.200000077486,-17.4000000953674
-59.5999999046326,-15
-5,0
-6.89999997615814,0
-11.2000002861023,6.5
-28,-30.4000000953674
-0.599999904632568,-6.00000011920929
-14.2000000029802,-2
-28,0
-1.20000004768372,1
-10,-6.10000002384186
-16,-6.60000014305115
-22.4000002890825,-20
-32.4999995231628,4
4.50000011920929,0
-44,0.799999997019768
-0.300000071525574,-0.100000023841858
-27.1000000238419,0
-20,2.10000002384186
-16.5,0
-17,1.20000004768372
-14,1.89999997615814
-10,-10
-21.2000000029802,0
0.799999952316284,-13.5
-7.40000021457672,-10.1000000014901
0,0
-33.5,-10
-0.400000005960464,-20
-11,0
-31.400000102818,0
-10.8999998569489,-11
-12.5000001937151,-10.6000000983477
-2.60000005364418,-1.30000001192093
1.90000009536743,0
8.30000019073486,-5
-0.400000005960464,0
-10.1999999284744,1.89999997615814
-12.5,-2.20000004768372
-18.5000002980232,1
-16.0000002384186,2
-18.6999998092651,-10
-4.60000009834766,0.200000002980232
-23.8000001013279,2
-3,-18
-60.4999998807907,5.99999982863665
-23.1000000014901,0
3.39999985694885,3
-9,4
-13.4000000953674,9.30000019073486
-20.0999998599291,-20.7999999523163
-19,-0.100000001490116
-4,-7
-46.8000001013279,0
-13.9999999776483,-11.1999998092651
-31.5999999046326,-27.5999999046326
-14.7999997138977,1.49999988079071
-30.9000002890825,-3.90000000596046
-13.8000001013279,-26.4000000953674
-27.6000001430511,-13.3000001907349
-8,-22.4000000953674
-33.8000000268221,-16.2000000476837
-29.6000000983477,-9.59999999403954
-42.2000000476837,3.59999990463257
-30.200000166893,2.79999995231628
-10,-2.20000000298023
-19,-17.6999998092651
9.39999985694885,-3.40000009536743
-4.89999997615814,1.5
-13.4000000953674,0
-62,-4
-22.5000001192093,-0.599999994039536
1,-17.5000001192093
-30,-22
-27.4999999552965,-41
-57.0000000968575,-2.60000014305115
-14.7999997884035,-10
-12.200000166893,-4.2000000923872
-43.0999999046326,-8.80000019073486
0,-12.2000000029802
-11.700000166893,2.19999994337559
-0.399999976158142,4
-18,-0.100000001490116
-24,-10.6000000089407
-5.90000009536743,11.7999999970198
-5.10000002384186,8.40000009536743
1.39999985694885,0.799999758601189
6,4
0.900000005960464,0.5
-58,0
-19,2.59999994933605
-2.20000004768372,-4.40000009536743
-36.6000001430511,-8.40000009536743
-79,-19.0999999046326
-29,-10
-8.69999980926514,-25.9000000953674
-8.10000002384186,2.59999994933605
0,1
-59.4000000506639,-3
-47.2000000476837,-8.10000002384186
-43.8000001907349,-13.2999999523163
-14.3000000715256,11.6999999284744
-51.8999998569489,-29.5
-84.4000000953674,-14
-59.1000002399087,0
-83.0000006705523,0
-20.3000001907349,-2.49999995529652
-72.2000002861023,-7.10000000149012
-46.5,-7.40000000596046
-35.1000003442168,-3
-103.20000000298,-41
-54.4000000953674,-10.5
0.100000143051147,0
-30.6000000089407,-22.0999999046326
-16.4999998807907,-35
-87.1999999880791,-10
-69,-6.79999995231628
-44.7999999523163,-14.3000000268221
-56.2999999523163,-1.00000005960464
-8.8000001013279,-0.300000071525574
-97.9000000059605,3.30000008642673
-89.6999998614192,-14.1000000014901
-89.7000000029802,-13.4000000059605
-47.6000000089407,-7
-47.4000000506639,-19.2000000029802
-18.4000000953674,-3.09999999403954
-24.9000000953674,-13.4000000953674
-15.4000000953674,-10
-0.600000098347664,-6.59999999403954
-19.30000038445,-7.10000002384186
-20.0000001192093,4.79999995231628
0,-8.29999995231628
-4.60000002384186,4.89999999850988
-14,-15
-22.1000000238419,7
2,-3.80000019073486
-16.5999999046326,-7.20000004768372
-3,-4.59999999403954
2.79999996721745,-11.4000000953674
16.8000001460314,26.39999987185
35.6999997571111,100.299999959767
87.6000003069639,94.9999996647239
-12.9000000506639,22.8999999016523
-6.90000019222498,3
-69.9999998658895,-14.7000001221895
3.4000001847744,28.2999996393919
-18.2999999374151,6.69999992847443
6.29999983310699,-4.60000009834766
-26.5,-9.89999997615814
0,0.400000005960464
-41.2000002861023,8.8999997600913
-45.4000000655651,-15.5999999791384
-91.1000002771616,-55.7000000551343
-45.1999999582767,-5.20000000298023
-42.9999999776483,0.200000002980232
1.09999994933605,4.89999999850988
-11.6000001430511,-26.2000001966953
-21.2000000327826,10.499999910593
-11,-18.3999999091029
-19.6000000238419,10
-1.40000009536743,8.19999995827675
-8.49999988824129,-17.4000000953674
4.2999999076128,8.29999999701977
-28.5999998524785,-33.4000000059605
-50.1999998986721,-19.4000003114343
-92.4000001698732,-23.3000001907349
-51.1000001430511,3.59999994933605
-70.5999999046326,-2.80000001192093
-62.8999999314547,-9.10000014305115
-35.1000000908971,25.2999999970198
-85.9999998658895,-59.600000269711
-60.7000000029802,-16.6000001430511
-2.10000002384186,-7.30000001192093
12.8999998420477,-31.0999999791384
4.50000001490116,-2.5
-47.2999996989965,-24.1999999284744
-49.2999997660518,-16.6000000759959
-15.5999995991588,-18.700000166893
-29.000000089407,-1.19999988377094
-28.5000000521541,-0.200000002980232
-12.8999999761581,-28.1999998092651
-9.30000004917383,-6.5
-17.2999999523163,-25.2000000476837
-11.9000000059605,-19.7000000029802
-13.599999576807,5.69999992847443
-68.6999999284744,5
3.19999992847443,6.29999999701977
-12.799999833107,-3.70000024139881
4.50000001490116,3
-20.9000000953674,-14.5000000521541
-42.5999999344349,-2.60000014305115
3.79999959468842,7.89999990165234
-6.5,13.9000001847744
15.5000003576279,17.7999999523163
-9.59999966621399,-3.00000011920929
-0.100000143051147,8.09999990463257
-23.5,-3.5
-3.8999999538064,-6.60000014305115
-31.6999999433756,-17.0000002384186
-33.8000000268221,-9.60000014305115
11.0000001862645,5
5.40000009536743,-22.2000000476837
3.09999990463257,-40.8999998122454
-57.200000025332,-13.3000000491738
-15.1999998092651,-9.59999990463257
-20.3000000044703,8.1999998986721
-27.2000000476837,-8.20000000298023
3.79999995231628,3.79999999701977
-16.7999997138977,-10.2000000029802
-77.4999998360872,-28.4000000059605
-34.9999998062849,-12.8999999463558
-19.2000000029802,-1.99999985843897
-7.49999983608723,-21.7999998182058
-30.1999999582767,-11.4000000506639
-2.09999995678663,-28.8000001907349
0.0999999493360519,-1.39999997615814
-39.4000000953674,4.89999997615814
-10.7999997138977,0
-8.19999980926514,1
-19.7999999523163,2
14.7999999523163,-17.5000000968575
-30,-6.00000011920929
-18.499999858439,-16.2000000476837
-18.3999999761581,0
-40.5999999046326,-2.5
-38.4000002145767,-9
-29.7999994307756,8.39999999850988
-22.5999998599291,-12.9000002145767
1.00000016391277,-4.19999980926514
-0.10000005364418,-7.69999975711107
-41.5,0.499999903142452
18.5000001192093,9.60000009089708
-81.0999996215105,-14.7999999523163
2.39999997615814,-16.9000000953674
-101.099999710917,-28.2000000029802
-13.5999999642372,-25.6999999582767
-7.39999994635582,11
-6.99999962002039,7.3999999910593
-59.4999990537763,-41.700000077486
-36.3999999016523,4.09999966621399
24.1000003367662,40.5999999344349
-59.0999999046326,-22.8000001907349
-59.8999998942018,4.79999974370003
-7.20000008493662,-21.7000000551343
-13.800000064075,-53
-7.10000029206276,-24.1000007241964
-69.5999997109175,7.89999994635582
90.1000006571412,102.900000147521
-15.3000002205372,3.5
-18.1999996528029,-4.5
-28.9999998137355,-32
-16.5999999046326,12.0999999567866
-22.4999999254942,-37.4000000059605
-10.8999999761581,-9.09999988973141
-14.3999999761581,-7.8000001013279
-17.4000000059605,-0.400000005960464
-37.5000000298023,-13.5999999046326
-51.4999996423721,10.7000002861023
-17.2999999523163,-24.5000001192093
7.5,-11.2000000476837
0.799999952316284,-5.5
-20.2999998107553,-10
-4.70000003278255,9.89999973773956
-85.7999995499849,-29.1000000238419
-1.10000014305115,-4.20000004768372
-21.6000000983477,-18.0000000819564
2.80000009387732,-2.20000004768372
-9.29999995231628,-8.19999980926514
-17.8000001013279,-16.200000025332
-47.1000002101064,-12.8000002652407
-16.4000004082918,-8.50000005215406
0.0000000596046447753906,-12.4000003635883
-60.7000003829598,-4.20000016689301
-3.80000007152557,-15.8000001013279
-12.4000001549721,-6.30000019073486
-13.7000002861023,-8.50000011920929
-27.6000000089407,4.79999995231628
8.09999999403954,16.3000000938773
7.30000011622906,-23.8000000566244
-26.2000001966953,-17.6999998167157
-22.8000001013279,-35
0.400000095367432,14.0999998599291
1.19999998807907,-19.6000001579523
-18.5999999046326,-9.70000018924475
5.5,5.59999990463257
0.599999904632568,2.79999999701977
1.39999994635582,1.89999999850988
-23.4000000059605,0.899999998509884
-24.3000001311302,-11.5000001564622
-2.49999979138374,-14.2000000029802
-12.8000000864267,3.89999997615814
-65.5000004768372,-7.10000019520521
-4.79999999701977,-4.00000010430813
-18.7000000029802,-0.60000005364418
-0.0000000298023223876953,-25.4000000953674
-11,-15.5999998375773
33.3999999016523,27.8999999985099
13.2000001072884,2.39999990165234
-13.0000002384186,-9
-184.399999774992,-161.499999411404
-2.69999969005585,1.90000002086163
3.80000025033951,2.70000010728836
-20.1999998092651,-9.90000016987324
-59.7999992370605,-21.7999999523163
-26.9000000357628,-5.40000000596046
-83.3000005409122,-10.8000000715256
-9.09999990463257,-10.4000000953674
-28.2000002861023,-13.6000000238419
1.49999988079071,-0.200000047683716
0.100000090897083,0.699999995529652
-23.5000000298023,-26.900000192225
-12.6999999284744,-6.19999986886978
28.3000002354383,24.1999998241663
-16.900000244379,11.89999987185
36.3999999463558,30.4999999552965
-1.99999974668026,9.39999985694885
-3.70000004768372,-26.6999999284744
5.5,0.200000047683716
-18.7000000476837,7.89999997615814
8.89999997615814,10.5
-38.5000000968575,-4.20000000298023
-37.6000000089407,-12.7000000104308
-45.6000000089407,-20.5000001564622
-20.4999998211861,0.39999994635582
-67.8999999761581,-54.7000002413988
-77.8999998122454,-31.0000000968575
-110.900000162423,-2.30000019818544
-58.999999910593,6.70000004768372
-18.2000000029802,-6.20000000298023
-36.0999999046326,-2.60000009834766
-10.0999999940395,1.1999998986721
5.60000003874302,-0.300000071525574
-0.200000047683716,-2.20000004768372
-8.89999980479479,-13.1000000014901
-15.1000001430511,-0.100000001490116
-7.60000002384186,-4.80000004172325
-96,-10.0999999046326
-27.9000000953674,-42.8999997153878
-27.9999998807907,-5.19999978691339
-106.000000432134,-7
-52.2000001221895,2.09999984502792
-6.60000028461218,-30.0999999046326
-34.2999999821186,3.2999996766448
-63.3000008240342,-41.0000004842877
-18.4000002890825,3.9999998062849
-48.900000333786,-12.7000002041459
-40.9000002294779,-25.2000000029802
-31.3999996930361,3.09999987483025
-36.9000000730157,-27.900000244379
0.699999801814556,-3.60000020265579
-22.7000000476837,-9.89999998360872
-22.8000001013279,8.19999985396862
7.59999968856573,-7.10000000149012
3.49999972432852,-2.39999994635582
-54.4000000506639,-0.799999952316284
0.19999985396862,-12.2000000476837
12.2000000923872,-3.89999981224537
-28.5999999940395,-13.1999998539686
-32.8000002875924,-4.70000000298023
-20.3000001907349,-0.200000002980232
-26.900000333786,-17
-22.6999998167157,-2.30000004917383
-26.3000003099442,0
-7.40000009536743,-6.20000015199184
-11.999999910593,2.99999990314245
-26.2000000029802,-11.7000000476837
-56.1000002399087,-28.5000003576279
-7.10000006854534,4.69999998807907
-42.8000001907349,-8.30000000447035
-7.19999983906746,0.899999998509884
6.39999999850988,-5.40000009536743
-11,-6.6000000089407
-3.40000009536743,-23
-21.6000000983477,-2.40000009536743
-70.6000000536442,-2.8000001013279
-69.8000000119209,-49.6999999135733
-1.30000014603138,-0.100000001490116
-18.6000000089407,-17.5
-17.6000001430511,-32.1999998092651
1.79999997466803,0
-4.30000019073486,-7.40000009536743
-12.8000001907349,-2.50000009685755
-30.1000001505017,-26.2000000029802
-6.10000005364418,0
-136.39999961853,-12
-2.40000009536743,-5.20000000298023
-23,0
-26.200000025332,-7.0000001937151
-17.0999999046326,-3.8000001013279
2.90000009536743,-0.200000002980232
5.5,1.09999999403954
-17.7999997884035,-1.20000004768372
4.40000000596046,4.59999999403954
16.9000000730157,14.6000000536442
9.29999999701977,8.09999999403954
9.49999994784594,-3.30000020563602
-5.60000002384186,0
-16.6000001430511,-2
-31.2999997138977,-50.099999666214
-16.4999998062849,0
-9,5.60000002384186
-58.2999994307756,-10.5
-36.9999999552965,-8
-9.60000009834766,4.5
8.90000027418137,21.1000001430511
-7.79999981820583,-24.89999987185
12.1999999731779,-10.0000000074506
44.3999999314547,34.799999833107
-18.1000000536442,-29.6000003814697
23.3999998569489,-50.0000001490116
3.49999990314245,-5.60000000149012
10.9999999254942,12.0000000447035
-15.4000000953674,-12.2000000476837
-42,-39.3000001013279
-3.00000005215406,-21.1999999582767
-32.5000000968575,-5.20000000298023
1,2.59999994933605
0,0
-0.200000002980232,-3.40000009536743
0,0
0,0
-0.400000005960464,0
0,-10
0,-0.100000001490116
0,0
0,0
0,0
0,0
0,0
0,0
0,0
-3.40000009536743,-5.19999980926514
0,0
0,0
-10,-14
0,0
0,0
-19,-5
-0.200000002980232,0
3.79999995231628,3.79999995231628
0,0
0,0
0,0
1,0
0,-2
0,0
0,0
0,0
-6.20000004768372,0
0,-4
1.20000004768372,0
0,0
4.69999992847443,4.69999992847443
0,1
0,0
0,0
18.6999999284744,14.8999999761581
3.79999995231628,0
1.29999983310699,0
-2.20000004768372,-4.90000009536743
-12,-14
2,-11
0,-4
0,0.400000005960464
0,0
0,0
0,3.59999990463257
0,-4
0,0
13.9000002145767,-7.69999983906746
5.79999987781048,7.5
5.39999994635582,-18.200000166893
-1.1999998986721,8.90000000596046
21.499999910593,8.7999996393919
-10.6000001430511,-0.700000055134296
-23.6000000983477,-14.6000000536442
-37.4000000953674,-10.1000000014901
-32,-23.9000001698732
-0.400000050663948,-6.40000024437904
11.8999998867512,-3.29999966919422
29.8999999761581,-4.5
-16.5000001192093,2.59999994933605
11.2999999523163,11
12.2999999970198,-8.10000000149012
-11,0.799999997019768
-17.2999999895692,1
13.5000001192093,-7.90000021457672
-10.1999997645617,19.4000001400709
-48.5000001937151,-21.7999999523163
-54.3000000789762,-34.7999999970198
-3.60000002384186,1.29999983310699
-10.3999998122454,2.59999994933605
-2.00000011920929,16.7999999970198
-33.700000025332,-8.90000009536743
-6.20000002533197,-31.0000002384186
1.09999994933605,-6.50000024586916
-21.0000002160668,-26.2000001892447
6.59999999403954,-23.4999996721745
7.79999975860119,2.39999990910292
12.4999997094274,2.99999954551458
-23.7999999821186,4.89999990910292
-3.6000000834465,-12.0000001490116
-5.60000012069941,-22.9000001996756
-47.7999998629093,-31.8000001907349
-6.20000010728836,8.59999975562096
-7.99999991804361,-9.8000001013279
-1.39999986439943,-6.89999983459711
-56.700000025332,-27.8000001460314
-356.799999862909,-212.299998752773
-346.000000067055,-158.100000061095
-204.199999645352,-56.300000205636
-144.100000396371,-128.099999368191
-273.600000105798,-82.2000001743436
-135.899999752641,-114.699999727309
-221.7999997437,-145.199999853969
-305.800000347197,-199.600000374019
-140.90000000596,-27.9000000059605
-110.400000199676,-6.79999995231628
-114.50000012666,-49.2000002712011
-64.1000001952052,-18.5000000819564
-18.8000002652407,3.69999992847443
-69.8000003993511,-0.900000154972076
-64.9999995976686,-33.0000004768372
-79.2000008821487,29.9999996349216
-85.0000000298023,-110.400000043213
-152.499999910593,-141.900000095367
-86.0000006854534,-156.700000293553
-449.00000038743,-173.90000063926
-215.700000196695,-129.500000096858
-254.40000013262,-198.299999915063
-56.1000002995133,-86.7000002563
-227.400000728667,-1.00000012665987
-332.799999706447,-219.399999596179
-465.100000366569,-346.300000838935
-294.300000376999,-165.099999725819
-295.200000248849,-183.400000631809
-374.100000560284,-236.800000861287
-264.300000488758,-139.200000807643
-296.600000202656,-136.300000339746
-624.100000545382,-208.800000526011
-1114.60000114143,-315.200000442564
-377.900000490248,-112.600000530481
-155.999999947846,-220.400000274181
-118.200000084937,-107.999999992549
-120.70000012219,-56.8000004589558
-183.000000707805,-276.800000503659
-72.6000001132488,-150.90000012517
-177.100000485778,-188.800000473857
-236.99999973923,-110.499999910593
-304.700000718236,-144.500000782311
-286.900000579655,-43.2000001594424
-537.1000007689,-303.300000213087
-229.800000369549,-170.700000397861
-248.999999776483,-158.699999883771
-452.299999803305,-193.200000092387
-235.799998573959,-173.199999913573
-287.300000175834,-124.800000429153
-391.299999713898,-155.400000333786
-183.600001290441,-95.2000004351139
-352.299999915063,-43.5999998152256
-147.49999986589,-305.399999842048
-88.1999998837709,-85.7000000476837
-503.600000396371,-113.200000099838
-464.600000187755,-104.600000225008
-193.300000041723,-133.30000025034
-158.000000275671,-135.500000119209
-212.800000399351,-76.8000001907349
-266.700000107288,-98.9000000953674
-286.000000238419,-255.600000269711
-477.900000683963,-157.900000050664
-779.300000011921,-372.700000427663
-148.000000655651,-56.200000397861
-105.299999453127,-67.3000000417233
-134.400000505149,-63.2000001594424
-204.100000724196,-122.900000572205
-398.200000151992,-212.000000342727
-233.600000396371,-166.400000914931
-133.600000448525,-144.500000484288
-401.300000667572,-301.500000506639
-471.29999948293,-279.499999336898
-886.800001166761,-358.200000308454
-708.800000444055,-311.999999925494
-1324.20000059158,-521.900000937283
-404.399999201298,-359.20000039041
-198.499999985099,-131.600000716746
-609.199999675155,-448.600000672042
-882.799999773502,-246.100000068545
-488.600000172853,-265.100000046194
-424.700000606477,-115.300000034273
-497.400000587106,-130.000000484288
-340.300000987947,-84.8999999761581
-175.500000946224,-102.300000712276
-228.000001065433,-125.600000277162
-240.200001075864,-207.100000478327
-188.900000758469,-104.200000479817
-258.800000391901,-110.90000000596
-233.800000779331,-54.0000005736947
-451.100001402199,-212.200000353158
-324.000000797212,-56.800000295043
-83.1000002026558,-58.3999998569489
-181.300000503659,-110.600000143051
-268.500000670552,-135.800000339746
-396.700000144541,-154.39999961853
-312.900001324713,-231.500000342727
-208.500000052154,-84.80000038445
-66.7000005245209,-33.3999998867512
-174.500000409782,-45.3999999091029
-177.400000557303,-102.799999952316
-229.400000184774,-91.700000166893
-174.299999438226,-58.400000244379
-449.799999289215,-173.399999842048
-273.200000308454,-89.7000005543232
-170.99999986589,-115.300000146031
-196.10000038147,-107.5
-214.40000038594,-30.5000003874302
-169.199999645352,-46.400000244379
-154.100000739098,-37.8000003695488
-141.100000359118,-72.3999999091029
-404.799999155104,-100.499999813735
-270.299999915063,-110.000000417233
-293.200000241399,-27.2999999076128
-284.200000271201,-22.3000001981854
-192.400000095367,-58.399999961257
-158.299999713898,-93.2000000476837
-276.499999769032,-123.199999958277
-199.800000548363,-129.400000378489
-268.400000572205,-58.900000192225
-143.399999909103,-77.1999999955297
-331.299999833107,-162.70000000298
-149,-26.9999998807907
-211.79999960959,-33.5000002384186
-120.099999979138,-26.4000000953674
-389.100000217557,-65.8000001236796
-245.500000238419,-50.3999999091029
-201.000000193715,-232.400000289083
-278.199999451637,-94.6000000536442
-50.6000000014901,-56
-108.60000000149,-29.2000000029802
-249.499999910593,-55.8999998569489
-203.900000371039,-64.5999997854233
-181.700000166893,-91.0000001937151
-115.500000007451,-69.1999998167157
-224.100000299513,-24.9000005200505
-158.200000181794,-69.8000003397465
-299.399999387562,-120.399999909103
-139.899999961257,-16.9000000953674
-117.900000557303,-18.8000001907349
-182.700000457466,-68.9000000283122
-390.300000347197,-130.80000012368
-171.200000099838,-81.8000000119209
-119.599999725819,-68.5000004321337
-34.600000448525,-18.1000002995133
-39.8999999836087,-40.1000002920628
-15.1999998614192,-12.0999997630715
-40.8000003248453,-33.4000000730157
-63.2000004425645,-18.1000005304813
-68.3000002205372,-45.3000000491738
-49.8000002428889,-43.4000004008412
0,0
0,0
-41.0000000149012,-24.1999999210238
-96.6999999135733,-48.1000002622604
-119.099999621511,-20.6999999955297
-69.4999997317791,-67.5999999046326
-84.3000007495284,-68.4999998733401
-102.099999621511,-42.6999997720122
-116.600000105798,-54.5999999046326
-95.1000001206994,-39.2000002861023
-25.1999998837709,-7.30000007152557
