PID,county,state,area,poptotal,popdensity,popwhite,popblack,popamerindian,popasian,popother,percwhite,percblack,percamerindan,percasian,percother,popadults,perchsd,percollege,percprof,poppovertyknown,percpovertyknown,percbelowpoverty,percchildbelowpovert,percadultpoverty,percelderlypoverty,inmetro,category,dot_size
561,ADAMS,IL,0.052000000000000005,66090,1270.96154,63917,1702,98,249,124,96.71205929999999,2.57527614,0.14828264,0.37675897,0.18762294,43298,75.1073953,19.6313918,4.35585939,63628,96.2747768,13.151442800000002,18.0117169,11.009775900000001,12.4438118,0,AAR,250.94441142986443
562,ALEXANDER,IL,0.013999999999999999,10626,759.0,7054,3496,19,48,9,66.38434029999999,32.9004329,0.1788067,0.45172219,0.08469791,6724,59.7263534,11.2433076,2.87031529,10529,99.08714470000001,32.2442777,45.826513899999995,27.3856467,25.2289759,0,LHR,185.7812599438548
563,BOND,IL,0.022000000000000002,14991,681.409091,14477,429,35,16,34,96.57127609999999,2.86171703,0.23347342,0.10673071,0.22680275,9669,69.33498809999999,17.0338194,4.48857172,14235,94.9569742,12.0688444,14.036060999999998,10.852089999999999,12.697410000000001,0,AAR,175.90538497655902
564,BOONE,IL,0.017,30806,1812.11765,29344,127,46,150,1139,95.2541713,0.41225735,0.14932156,0.48691813,3.69733169,19272,75.4721876,17.278953899999998,4.19779992,30337,98.4775693,7.20901869,11.1795358,5.53601292,6.21704745,1,ALU,319.82348694305574
565,BROWN,IL,0.018000000000000002,5836,324.22222200000004,5264,547,14,5,6,90.19876629999999,9.37285812,0.23989034,0.08567512,0.10281014,3979,68.86152299999999,14.475999,3.36768032,4815,82.5051405,13.5202492,13.0228887,11.1432109,19.2,0,AAR,130.4421612088899
566,BUREAU,IL,0.05,35688,713.76,35157,50,65,195,221,98.51210490000001,0.14010312,0.18213405,0.54640215,0.61925577,23444,76.62941479999999,18.9046238,3.27589149,35107,98.37200179999999,10.399635400000001,14.1588185,8.17928731,11.0085864,0,AAR,180.02305206513978
567,CALHOUN,IL,0.017,5322,313.058824,5298,1,8,15,0,99.5490417,0.01878993,0.15031943,0.28184893,0.0,3583,62.8244488,11.917387699999999,3.20960089,5241,98.4780158,15.149780599999998,13.7877614,12.9323308,21.085271300000002,0,LAR,129.0212689384029
568,CARROLL,IL,0.027000000000000003,16805,622.407407,16519,111,30,61,84,98.29812559999999,0.6605177,0.1785183,0.36298721,0.49985123,11323,75.95160290000001,16.1971209,3.05572728,16455,97.9172865,11.710726199999998,17.2254616,10.027036599999999,9.52505219,0,AAR,168.39557150029344
569,CASS,IL,0.024,13437,559.875,13384,16,8,23,6,99.6055667,0.11907419999999999,0.059537099999999996,0.17116916,0.04465282,8825,72.27195470000001,14.107648699999999,3.20679887,13081,97.3505991,13.875085999999998,17.9947841,11.9143432,13.660179600000001,0,AAR,160.43636286496155
571,CHRISTIAN,IL,0.042,34418,819.4761900000001,34176,82,51,89,20,99.2968795,0.23824743,0.14817828,0.25858562,0.05810913,22945,73.074744,13.567226000000002,3.08999782,33788,98.1695624,11.708298800000001,16.3206125,9.56969969,11.490640800000001,0,AAR,193.47875052149996
572,CLARK,IL,0.03,15921,530.7,15842,10,26,36,7,99.5038,0.06281012,0.16330632,0.22611645,0.04396709,10734,71.3340786,15.110862699999998,2.77622508,15615,98.07801020000001,12.007684900000001,15.321547500000001,10.1317752,12.5954198,0,AAR,156.72292973362846
573,CLAY,IL,0.027999999999999997,14460,516.428571,14403,4,17,29,7,99.60580909999999,0.02766252,0.1175657,0.20055325,0.04840941,9647,65.5644242,13.6830103,2.78843164,14248,98.53388659999999,16.7742841,20.5825776,14.4641142,17.6700783,0,LAR,154.90644310877605
574,CLINTON,IL,0.028999999999999998,33944,1170.4827599999999,32688,1021,48,104,83,96.29978790000001,3.00789536,0.14140938,0.30638699,0.24452039,21563,67.16597879999999,15.3874693,2.87529565,32190,94.8326656,10.2236719,13.2994025,9.25383422,8.32317604,1,LAU,238.15533754304585
575,COLES,IL,0.03,51644,1721.46667,50177,925,92,341,109,97.159399,1.79110836,0.17814267,0.66028968,0.21106034,29136,76.10516199999999,25.1750412,8.14456343,45693,88.4768802,16.748736100000002,16.3419409,18.7929138,10.9936084,0,AAR,308.28530862189666
577,CRAWFORD,IL,0.026000000000000002,19464,748.615385,19300,63,34,48,19,99.1574188,0.32367448,0.17468146,0.24660912,0.09761611,13317,76.0306375,16.9858076,3.33408425,19123,98.2480477,10.5370496,13.809825,8.87024273,10.8033875,0,AAR,184.45949221816022
578,CUMBERLAND,IL,0.02,10670,533.5,10627,5,6,26,6,99.59700090000001,0.04686036,0.05623243,0.24367385,0.05623243,6727,72.2461721,14.5978891,2.69064962,10590,99.2502343,12.049102900000001,13.6031851,9.8222638,15.284625699999998,0,AAR,157.07931748916343
579,DE KALB,IL,0.038,77932,2050.84211,72968,2069,123,1751,1021,93.6303444,2.65487861,0.1578299,2.24683057,1.31011651,41817,83.8797618,32.835928,11.150967300000001,69127,88.7016887,13.544635199999998,8.67823765,17.0474188,6.45390792,1,HAU,350.2086564040193
580,DE WITT,IL,0.023,16516,718.086957,16387,25,37,43,24,99.2189392,0.15136837,0.22402519,0.2603536,0.14531364,10941,74.64582759999999,16.1959601,3.30865552,16238,98.3167837,10.315309800000001,13.568426,7.95599305,12.2553448,0,AAR,180.5737929556849
581,DOUGLAS,IL,0.025,19464,778.56,19280,16,19,41,108,99.054665,0.08220304,0.09761611,0.21064529,0.55487053,12550,74.03187249999999,16.868525899999998,3.84063745,19140,98.33538840000001,9.62904911,13.293543099999999,7.92479531,8.71436256,0,AAR,188.2708829789491
583,EDGAR,IL,0.036000000000000004,19595,544.3055559999999,19469,68,24,24,10,99.3569788,0.3470273,0.12248022,0.12248022,0.05103343,13082,73.5208684,16.8399327,3.67680783,19258,98.2801735,16.0037387,22.827628100000002,14.480956699999998,11.762013699999999,0,AAR,158.45466314993035
584,EDWARDS,IL,0.013999999999999999,7440,531.428571,7401,6,8,19,6,99.47580649999999,0.08064516,0.10752688,0.25537634,0.08064516,5019,69.67523409999998,16.935644600000003,2.45068739,7350,98.7903226,12.204081599999999,15.1598677,10.950250099999998,11.859527900000002,0,AAR,156.8156632277134
585,EFFINGHAM,IL,0.027999999999999997,31704,1132.2857099999999,31523,12,45,95,29,99.4290941,0.03785011,0.14193793,0.29964673,0.09147111,19477,74.9550752,20.2751964,3.7839503,31229,98.5017663,8.99484454,11.599832000000001,6.97446574,10.5174981,0,AAR,233.29356578677545
586,FAYETTE,IL,0.044000000000000004,20893,474.840909,20148,599,40,35,71,96.4342124,2.86698894,0.19145168,0.16752022,0.33982674,13894,68.7922844,13.602994099999998,2.98690082,19452,93.1029531,13.618136999999999,16.627634699999998,12.134146300000001,13.435828899999999,0,AAR,149.61310970944498
587,FORD,IL,0.03,14275,475.833333,14157,43,14,40,21,99.17338000000001,0.30122592,0.09807356,0.28021016,0.14711033,9592,77.1684737,17.827356100000003,3.89908257,13860,97.0928196,9.26406926,13.5712279,7.32528768,8.78740157,0,AAR,149.73942676726608
588,FRANKLIN,IL,0.025,40319,1612.76,40068,36,106,84,25,99.3774647,0.08928793,0.26290335,0.2083385,0.06200551,27214,66.6642169,14.705666199999998,2.43257147,39703,98.4721843,20.764174,31.074741999999997,19.3135372,13.6794859,0,LHR,294.4489778601178
589,FULTON,IL,0.052000000000000005,38080,732.307692,37117,668,83,105,107,97.47111340000001,1.75420168,0.21796218,0.27573529,0.28098739,25592,73.847296,15.5321976,2.99703032,36393,95.56985290000001,15.494738,22.812225199999997,13.996573099999999,11.019603300000002,0,AAR,182.3838271802233
590,GALLATIN,IL,0.019,6909,363.631579,6842,42,10,11,4,99.03025040000001,0.60790274,0.14473875,0.15921262,0.0578955,4680,58.4188034,11.367521400000001,2.69230769,6737,97.5104936,21.4338726,29.7246558,20.005596,16.2300319,0,LHR,135.45823702614217
591,GREENE,IL,0.033,15317,464.151515,15231,14,50,17,5,99.43853229999999,0.09140171,0.32643468,0.11098779,0.03264347,10031,69.0459575,13.0495464,2.71159406,15096,98.5571587,15.5339163,20.030082699999998,13.444049,14.9431818,0,AAR,148.25254930384176
592,GRUNDY,IL,0.026000000000000002,32337,1243.73077,31864,21,45,113,294,98.5372793,0.06494109,0.13915948,0.34944491,0.90917525,20541,78.96402320000001,18.3778784,3.93846453,31979,98.89290909999998,6.616842299999999,6.93047172,5.32733914,10.4620084,1,ALU,247.47844250065407
593,HAMILTON,IL,0.025,8499,339.96,8462,3,11,21,2,99.5646547,0.03529827,0.12942699,0.24708789,0.02353218,5859,59.99317289999999,14.0467657,2.61136713,8383,98.6351335,19.849695800000003,21.9232686,17.0501332,23.1419671,0,LHR,132.4452867012212
594,HANCOCK,IL,0.047,21373,454.74468099999996,21272,26,25,37,13,99.5274412,0.12164881,0.11697001,0.17311561,0.0608244,14322,77.53805329999999,20.6605223,3.86119257,20943,97.98811579999999,11.7843671,14.6202065,9.82946027,12.915205300000002,0,AAR,147.05523485528818
595,HARDIN,IL,0.009000000000000001,5189,576.5555559999999,5062,85,16,13,13,97.5525149,1.63808056,0.30834458,0.25052997,0.25052997,3492,59.7365407,14.3184422,2.60595647,4954,95.47118909999999,26.746063800000005,35.1417004,25.174283499999998,21.1961302,0,LHR,162.55948640564563
596,HENDERSON,IL,0.023,8096,352.0,8037,8,29,10,12,99.27124509999999,0.09881423,0.35820158,0.12351779,0.14822134,5467,73.349186,13.773550400000001,2.17669654,8030,99.18478259999999,12.9389788,15.608074800000002,10.282352900000001,16.2950257,0,AAR,133.97775405002156
597,HENRY,IL,0.051,51159,1003.11765,49969,657,63,128,342,97.6739186,1.28423151,0.12314549,0.25020036,0.66850408,33423,77.19534449999999,18.723633399999997,4.22164378,50472,98.6571278,10.479077499999999,15.1772634,8.63526345,9.01154039,1,AAU,216.85288186170175
598,IROQUOIS,IL,0.067,30787,459.507463,30154,164,43,69,357,97.94393740000001,0.53269237,0.13966934,0.22412057,1.15958034,20578,73.4376519,15.1666829,3.22674701,30189,98.05762170000001,9.19871476,11.6762716,7.959263099999999,9.10027978,0,AAR,147.66144813638903
599,JACKSON,IL,0.036000000000000004,61067,1696.3055600000002,51991,6342,109,2178,447,85.1376357,10.3853145,0.17849248,3.56657442,0.7319829000000001,32172,78.767251,36.6436653,14.0898918,54230,88.80410040000001,28.37175,26.392210499999997,32.4584833,13.815300800000001,0,AHR,305.0827687934436
600,JASPER,IL,0.028999999999999998,10609,365.827586,10574,1,11,17,6,99.6700914,0.00942596,0.10368555,0.16024129999999998,0.05655575,6835,69.7000732,15.0256035,2.76517922,10511,99.076256,13.1005613,17.4379611,10.0076104,14.5622525,0,AAR,135.737747742524
601,JEFFERSON,IL,0.033,37020,1121.81818,34856,1924,56,129,55,94.1545111,5.19719071,0.15126958,0.34846029,0.14856834,24023,69.9038422,18.3698955,3.67980685,36495,98.58184759999999,16.0569941,21.113499100000002,13.6358867,15.631523999999999,0,AAR,231.96124452867014
602,JERSEY,IL,0.023,20539,893.0,20346,96,43,32,22,99.0603243,0.46740348,0.20935781,0.15580116,0.10711330000000001,12847,71.9156223,14.758309299999999,3.13691913,19611,95.48176640000001,9.74453113,11.8255728,8.8343212,9.29971989,1,AAU,202.8369596730284
603,JO DAVIESS,IL,0.035,21821,623.457143,21732,14,20,29,26,99.592136,0.06415838,0.09165483,0.13289949999999998,0.11915128,14409,74.09258100000001,16.413352800000002,3.4284128,21610,99.03304159999999,8.28782971,9.29164459,6.28398253,11.8393235,0,AAR,168.52918330634498
604,JOHNSON,IL,0.02,11347,567.35,10230,1046,26,14,31,90.15598840000001,9.21829558,0.22913545,0.12338063,0.27319996,7922,66.1701591,14.3524363,3.43347639,9180,80.9024412,15.555555599999998,18.5350603,12.266500599999999,19.8775318,0,LAR,161.38779089089869
607,KENDALL,IL,0.018000000000000002,39413,2189.6111100000003,38019,210,73,224,887,96.4630959,0.53281912,0.18521808,0.5683404000000001,2.25052648,24175,83.67735259999999,24.889348499999997,5.25336091,39199,99.4570319,3.38529044,4.42017237,2.35504872,5.87851078,1,HLU,367.8713608496737
608,KNOX,IL,0.042,56393,1342.69048,52413,2860,85,320,715,92.9423865,5.07155143,0.15072793,0.56744631,1.26788786,37723,76.56602070000001,19.3436365,4.21228428,53106,94.1712624,13.8684894,19.6733764,12.8831741,9.73871734,0,AAR,260.0741671204011
611,LAWRENCE,IL,0.022000000000000002,15972,726.0,15759,151,31,21,10,98.6664162,0.94540446,0.19408966,0.13148009,0.06260957,10950,69.2328767,14.5388128,1.94520548,15347,96.08690209999999,19.8475272,31.112873399999998,16.7597057,14.883215599999998,0,AHR,181.58097568219262
612,LEE,IL,0.043,34392,799.813953,32530,1222,84,181,375,94.5859502,3.5531519,0.24424285,0.52628518,1.09036985,22661,76.2808349,18.476678,4.04218702,32162,93.51593390000001,8.8240781,10.5378832,7.71542507,9.5268748,0,AAR,190.976114623919
613,LIVINGSTON,IL,0.062,39301,633.8870969999999,36551,2115,62,131,442,93.00272259999998,5.38154245,0.1577568,0.33332485,1.12465332,26084,74.1450698,14.5031437,2.94816746,35431,90.1529223,9.32516723,13.701158900000001,8.02005013,6.77040677,0,AAR,169.85672184077103
614,LOGAN,IL,0.036000000000000004,30798,855.5,29223,1291,37,143,104,94.8860316,4.19183064,0.12013767,0.46431586,0.33768427,20324,75.9004133,17.949222600000002,3.79846487,28104,91.2526787,10.781383400000001,12.825845800000002,9.96479107,10.3613632,0,AAR,198.06390937568503
615,MCDONOUGH,IL,0.034,35244,1036.58824,32992,1254,65,802,131,93.6102599,3.55805243,0.18442856,2.27556464,0.37169447,18784,80.302385,27.9280239,10.359880699999998,28821,81.7756214,19.0520801,16.0093168,22.403381600000003,12.8843841,0,HHR,221.1130634497486
619,MACOUPIN,IL,0.05,47679,953.58,47077,379,94,88,41,98.7373896,0.79489922,0.19715179,0.18456763,0.08599174,31217,72.81929720000001,14.0083929,3.2546369,46387,97.29021159999999,13.2127536,18.5988943,10.8171077,12.460907,0,AAR,210.54766332671
621,MARION,IL,0.035,41561,1187.45714,39647,1519,106,232,57,95.39472099999999,3.65486875,0.25504679999999996,0.55821563,0.13714781,27077,70.12593709999999,16.4493851,3.31277468,40800,98.1689565,16.3676471,22.349310100000004,13.928571400000001,14.7224835,0,AAR,240.31585939654502
622,MARSHALL,IL,0.023,12846,558.5217389999999,12752,17,30,28,19,99.2682547,0.13233691,0.23353573,0.21796668,0.14790596,8600,77.7790698,17.534883699999998,2.56976744,12563,97.7969796,9.38470111,11.4717933,7.50307503,11.330561300000001,0,AAR,160.26411798980334
623,MASON,IL,0.033,16269,493.0,16180,8,27,38,16,99.4529473,0.04917327,0.1659598,0.23357305,0.09834655,10729,72.5789915,13.505452499999999,2.8986857999999995,16025,98.50021509999999,15.5070203,24.1131352,12.8400955,11.603800699999999,0,AAR,151.92442316803258
624,MASSAC,IL,0.013999999999999999,14752,1053.7142900000001,13804,870,37,31,10,93.5737527,5.89750542,0.25081345,0.210141,0.06778742,10068,65.3059197,14.034564999999999,2.93007549,14348,97.2613883,16.7410092,22.9808251,14.9682372,14.3283582,0,LAR,223.29289006427712
625,MENARD,IL,0.018000000000000002,11164,620.222222,11101,9,29,14,11,99.4356861,0.08061627,0.25976353,0.12540308,0.09853099,7390,77.3071719,18.511502,3.51826793,10964,98.20852740000001,9.55855527,12.4503311,7.89163722,10.1449275,1,AAU,168.11743822258677
626,MERCER,IL,0.033,17290,523.939394,17155,30,33,35,37,99.21920190000002,0.17351070000000002,0.19086177,0.20242915,0.21399653,11357,77.3531743,16.4744211,3.11702034,17006,98.35743199999999,10.131718199999998,11.466372699999999,9.01086957,11.433812300000001,0,AAR,155.8624307342012
627,MONROE,IL,0.023,22422,974.8695650000001,22262,13,53,57,37,99.2864151,0.05797877,0.23637499,0.25421461,0.16501649999999998,14613,75.8639568,19.9206186,3.31896257,22071,98.4345732,4.81174392,4.77462437,4.21197857,6.83692471,1,ALU,213.25742771480498
628,MONTGOMERY,IL,0.040999999999999995,30728,749.463415,29956,559,49,66,98,97.4876334,1.81918771,0.15946368,0.21478782,0.31892736,20386,72.1917002,11.723732,2.5262435,29003,94.3862275,14.0295831,17.795844600000002,12.291226400000001,13.4700076,0,AAR,184.56743061399106
629,MORGAN,IL,0.033,36397,1102.93939,34561,1510,48,130,148,94.9556282,4.14869357,0.131879,0.35717229,0.40662692,23605,75.9034103,20.7244228,5.65981784,33746,92.7164327,11.195400900000001,12.3290901,10.1418555,12.6183885,0,AAR,229.55832681605727
630,MOULTRIE,IL,0.021,13930,663.333333,13884,8,22,13,3,99.66977750000001,0.05743001,0.15793252,0.09332376,0.02153625,9282,70.2865762,15.7185951,2.99504417,13356,95.879397,11.343216499999999,15.2669633,9.10269336,11.856585,0,AAR,173.60467825398285
631,OGLE,IL,0.045,45957,1021.26667,44895,66,87,136,773,97.6891442,0.14361251,0.1893074,0.2959288,1.68200709,29575,77.602705,18.7793745,3.47252747,45229,98.4159105,7.24535143,8.54618474,6.26131745,8.28708375,1,ALU,219.16291346990153
633,PERRY,IL,0.026000000000000002,21412,823.538462,20901,399,26,63,23,97.6134878,1.86344106,0.12142724,0.29422754,0.1074164,13921,67.839954,13.5622441,2.20530134,21090,98.4961704,15.836889499999998,20.859671300000002,13.347589800000002,15.8660508,0,LAR,193.995801950233
634,PIATT,IL,0.025,15548,621.92,15508,8,16,11,5,99.7427322,0.05145356,0.10290713,0.07074865,0.03215848,10458,82.950851,22.011857,5.19219736,15315,98.50141500000001,6.13124388,7.06766917,4.61225953,9.16779432,0,HLR,168.33353368359272
635,PIKE,IL,0.049,17577,358.71428599999996,17499,8,24,32,14,99.55623829999999,0.04551402,0.13654207,0.18205610000000003,0.07964954,11820,69.856176,12.174280900000001,2.30964467,17365,98.79387840000001,17.932623100000004,23.3325587,15.083477300000002,18.2773589,0,AHR,134.8323573777215
636,POPE,IL,0.022000000000000002,4373,198.772727,4072,266,15,6,14,93.11685340000001,6.0827807,0.34301395,0.13720558,0.32014635,2821,65.15420060000001,14.250265900000002,2.48138958,4160,95.12920190000001,25.168269199999997,36.4729459,24.4148692,15.3611394,0,LHR,114.47478122458793
637,PULASKI,IL,0.011000000000000001,7523,683.909091,5032,2466,8,7,10,66.8882095,32.779476300000006,0.10634056,0.09304799,0.13292569,4816,59.7799003,14.368770800000002,2.20099668,7441,98.9100093,30.184115000000002,40.037418100000004,23.867741,31.1619718,0,LHR,176.22358832971526
638,PUTNAM,IL,0.01,5730,573.0,5616,9,7,7,91,98.01047120000001,0.15706806,0.12216405,0.12216405,1.58813264,3783,75.81284690000001,16.5212794,3.43642612,5722,99.8603839,7.54980776,10.4780616,6.22734761,7.15517241,0,AAR,162.10693046903174
639,RANDOLPH,IL,0.036000000000000004,34583,960.6388890000001,31532,2852,54,83,62,91.1777463,8.24682648,0.15614608,0.24000231,0.17927884,22847,64.2228739,12.741278900000001,2.95881297,30685,88.7285661,11.002118300000001,14.292508900000001,8.99560578,11.678486999999999,0,LAR,211.44612818645305
640,RICHLAND,IL,0.022000000000000002,16545,752.045455,16442,17,24,43,19,99.3774554,0.10275008,0.14505893,0.25989725,0.11483832,10917,73.4908858,21.5077402,3.62737016,16228,98.0840133,13.975844199999997,18.660061300000002,12.0681606,12.94943,0,AAR,184.89607612838444
643,SALINE,IL,0.022000000000000002,26551,1206.86364,25452,931,66,40,62,95.86079620000001,3.50645927,0.24857821,0.15065346,0.23351286,18020,63.2241953,15.488346300000002,3.63485017,25545,96.2110655,20.183989,26.699107899999998,18.6944068,16.8465816,0,LHR,242.78594474575556
645,SCHUYLER,IL,0.026000000000000002,7498,288.384615,7479,2,9,6,2,99.7465991,0.02667378,0.12003201,0.08002134,0.02667378,5090,69.410609,14.6365422,2.75049116,7365,98.22619370000001,16.496945,21.9134153,13.646112599999999,16.7800454,0,AAR,125.88070252229191
646,SCOTT,IL,0.015,5644,376.266667,5634,1,6,3,0,99.82282070000001,0.01771793,0.10630758,0.05315379,0.0,3732,73.6066452,13.076098599999998,2.25080386,5578,98.8306166,11.527429199999998,14.2564802,9.37067773,13.3606557,0,AAR,137.06644797375176
647,SHELBY,IL,0.044000000000000004,22261,505.93181799999996,22190,14,27,27,3,99.6810566,0.06289026,0.12128835,0.12128835,0.01347648,14745,72.7229569,15.9511699,3.78433367,22010,98.8724675,10.004543400000001,12.091730400000001,8.6534177,10.629843,0,AAR,153.570402308035
648,STARK,IL,0.017,6534,384.352941,6496,8,8,21,1,99.4184267,0.12243649,0.12243649,0.32139578,0.01530456,4396,77.0245678,16.8789809,2.9799818,6404,98.0104071,12.460961900000001,19.039145899999998,10.447761199999999,9.38748336,0,AAR,138.09567977428776
649,STEPHENSON,IL,0.033,48052,1456.12121,44524,3081,58,304,85,92.65795390000001,6.41180388,0.12070257,0.63264796,0.1768917,31555,76.691491,19.8795753,3.8821106,47225,98.2789478,9.90788777,13.5032583,8.35417318,9.50578339,0,AAR,274.5117825751844
651,UNION,IL,0.024,17619,734.125,17313,122,34,53,97,98.2632385,0.6924343000000001,0.19297349,0.30081162,0.55054203,12092,64.2242805,17.8795898,4.00264638,16823,95.48215,18.1596624,24.9001996,14.6790039,19.010096,0,LHR,182.61513657995036
653,WABASH,IL,0.012,13111,1092.5833300000002,12955,40,11,80,25,98.8101594,0.30508733,0.08389902,0.61017466,0.19067958,8520,74.870892,24.730046899999998,3.92018779,12849,98.001678,12.942641499999999,17.0275883,11.5272938,11.3899614,0,AAR,228.2401936090625
654,WARREN,IL,0.033,19181,581.242424,18630,356,20,70,105,97.12736559999999,1.85600334,0.10426985,0.36494448,0.54741671,12220,76.309329,20.458265100000002,4.57446809,18323,95.52682340000001,14.2334771,18.9009662,12.832096400000001,11.7299162,0,AAR,163.1560372510059
655,WASHINGTON,IL,0.033,14965,453.48484800000006,14856,46,31,26,6,99.2716338,0.30738390000000004,0.20715002,0.17373872,0.04009355,9906,65.7278417,15.9600242,2.44296386,14620,97.6946208,9.28180575,9.81610982,7.66360123,12.377149900000001,0,LAR,146.89488162128146
656,WAYNE,IL,0.042,17241,410.5,17141,9,31,44,16,99.4199872,0.05220115,0.17980396,0.25520561,0.09280204,11613,63.058641200000004,15.6807027,2.75553259,17054,98.91537609999999,14.3954497,19.6855936,11.6169183,14.7752126,0,LAR,141.4237125138772
657,WHITE,IL,0.028999999999999998,16522,569.724138,16397,41,37,35,12,99.243433,0.24815398,0.22394383,0.21183876,0.07263043,11451,66.2212907,15.928739800000002,3.24862457,16152,97.76056170000001,19.056463600000004,27.0340525,16.4872384,16.7161961,0,LHR,161.68997435988092
658,WHITESIDE,IL,0.040999999999999995,60186,1467.95122,57135,417,85,187,2362,94.93071479999999,0.69285216,0.14122886,0.31070349,3.92450071,39020,73.2880574,16.5530497,3.54177345,58927,97.90815140000001,10.9610196,14.7232262,9.50370254,9.815252599999999,0,AAR,276.01752211513303
660,WILLIAMSON,IL,0.025,57733,2309.32,56135,1147,112,252,87,97.23208559999999,1.98673203,0.1939965,0.43649213,0.15069371,38733,71.7811685,21.059561600000002,4.980249400000001,56318,97.54906209999999,15.8013424,22.394581600000002,13.6188171,13.8197853,0,AAR,383.1080689299175
662,WOODFORD,IL,0.032,32653,1020.40625,32388,64,54,102,45,99.188436,0.19600037,0.16537531,0.31237559,0.13781276,20469,80.0136792,22.805217600000002,4.97337437,31693,97.0599945,7.18770706,10.0139231,5.62835021,7.15055695,1,HLU,219.0533980582524
663,ADAMS,IN,0.021,31095,1480.7142900000001,30530,36,42,60,427,98.18298759999999,0.11577424,0.13506995,0.19295707,1.37321113,18119,74.3970418,16.115679699999998,4.86229924,30490,98.0543496,11.6366022,17.194523899999997,9.10188775,8.71402697,1,AAU,277.6420227833601
665,BARTHOLOMEW,IN,0.022000000000000002,63657,2893.5,61774,1005,97,610,171,97.0419593,1.57877374,0.15237916,0.95826068,0.26862717,41218,76.9032947,22.8468145,6.84409724,62784,98.62858759999999,8.54517074,10.736855,6.99242014,10.8119434,0,AAR,457.4632828686386
666,BENTON,IN,0.024,9441,393.375,9389,6,16,1,29,99.44921090000001,0.06355259,0.16947357,0.0105921,0.30717085,6053,77.0857426,13.4643978,4.01453825,9300,98.50651409999999,8.04301075,8.34921845,6.84232894,10.5022831,0,AAR,139.24401954475707
667,BLACKFORD,IN,0.01,14067,1406.7,13978,7,44,16,22,99.36731359999999,0.04976185,0.3127888,0.11374138,0.1563944,9259,72.9884437,12.981963499999999,4.42812399,13903,98.83415079999999,9.85398835,12.3237451,8.33224671,10.9375,0,AAR,268.22138467956927
668,BOONE,IN,0.024,38147,1589.4583300000002,37814,83,90,94,66,99.12706109999999,0.21757936,0.23592943,0.24641518,0.17301492,24915,82.46839250000001,27.830624100000005,8.81396749,37402,98.04702859999999,6.29645474,8.02175391,5.23959855,7.08942537,1,HLU,291.48311004886193
669,BROWN,IN,0.019,14080,741.052632,13968,13,47,18,34,99.2045455,0.09232955,0.33380682,0.12784091,0.24147727,9510,76.43533120000001,19.8002103,6.16193481,13948,99.0625,6.86836822,8.09384164,6.16327041,7.44387554,0,ALR,183.4968948726833
670,CARROLL,IN,0.022000000000000002,18809,854.9545449999999,18720,19,22,3,45,99.5268223,0.10101547,0.11696528,0.01594981,0.23924717,12241,76.1702475,15.4562536,3.79870926,18498,98.3465362,7.49270191,9.38326888,5.63980573,10.183066400000001,0,AAR,197.9944831316867
671,CASS,IN,0.024,38413,1600.5416699999998,37765,330,138,114,66,98.31307109999999,0.85908416,0.35925338,0.29677453,0.17181683,25123,75.8906182,13.2149823,4.02420093,37306,97.11816309999999,10.346861099999998,13.352441199999998,9.47268075,8.55725506,0,AAR,292.8938124297301
673,CLAY,IN,0.021,24705,1176.42857,24522,113,41,15,14,99.2592593,0.45739729,0.16595831,0.06071645,0.05666869,16197,75.884423,14.113724800000002,4.29709205,24343,98.53470959999999,11.843240400000001,15.163681299999999,9.70500549,12.9662175,1,AAU,238.91212821473778
674,CLINTON,IN,0.023,30974,1346.69565,30657,36,51,61,169,98.976561,0.11622651,0.16465423,0.19693937,0.54561891,19875,76.1610063,16.045282999999998,4.5081761,30143,97.3171047,9.405168699999999,11.7393903,7.80756609,10.5207037,1,AAU,260.5839505299854
675,CRAWFORD,IN,0.018000000000000002,9914,550.777778,9868,9,26,11,0,99.53600970000001,0.09078071,0.2622554,0.11095421,0.0,6297,59.5680483,8.54375099,2.93790694,9780,98.648376,18.4662577,22.923588,14.398052800000002,24.0462428,0,LHR,159.27845624703895
676,DAVIESS,IN,0.026000000000000002,27533,1058.96154,27372,99,26,20,16,99.41524720000001,0.35956852,0.09443214,0.07264010000000001,0.05811208,17267,66.2187989,13.2391267,3.35900851,26896,97.68641269999999,15.541344400000002,20.7750953,12.3878965,15.9292035,0,LAR,223.9607670822167
677,DEARBORN,IN,0.019,38835,2043.9473699999999,38440,252,53,75,15,98.98287629999999,0.64889919,0.13647483,0.19312476,0.03862495,24335,73.47852890000001,15.574275699999998,4.24491473,38254,98.50392690000001,8.48015894,10.783252099999999,7.142519500000001,8.94133289,1,AAU,349.33108464916313
678,DECATUR,IN,0.022000000000000002,23645,1074.7727300000001,23444,39,19,129,14,99.14992600000001,0.16493973,0.08035525,0.54556989,0.05920914,14625,72.3350427,13.921367499999999,4.56068376,23245,98.30831040000001,9.06431491,11.116045,7.66800916,10.0627287,0,AAR,225.97323655237278
679,DE KALB,IN,0.022000000000000002,35324,1605.63636,35009,37,91,88,99,99.108255,0.10474465,0.25761522,0.24912241,0.28026271,21801,77.5469015,15.581854000000002,4.45392413,34833,98.6100102,6.45652112,8.76933688,4.93601463,7.47427333,1,ALU,293.5422714062467
681,DUBOIS,IN,0.026000000000000002,36616,1408.30769,36466,33,30,55,32,99.590343,0.09012454,0.0819314,0.15020756,0.08739349,22921,72.2307055,17.1676628,4.47188168,35883,97.9981429,6.13661065,5.50713154,4.41161892,13.468733300000002,0,ALR,268.4260136191035
683,FAYETTE,IN,0.012,26015,2167.91667,25462,435,37,69,12,97.8743033,1.67211224,0.14222564,0.26523159999999996,0.04612723,16744,63.909460100000004,11.4249881,3.78643096,25571,98.29329229999999,10.7856556,14.6890163,8.84701144,10.8691186,0,LAR,365.11006342853506
684,FLOYD,IN,0.009000000000000001,64404,7156.0,61415,2642,92,175,80,95.3589839,4.10222968,0.14284827,0.27172225,0.12421589,41499,73.2234512,20.549892800000002,6.40015422,63308,98.2982423,11.0080874,16.0648533,8.19145697,12.612351400000001,1,AAU,1000.0000000000001
685,FOUNTAIN,IN,0.025,17808,712.32,17726,4,25,27,26,99.5395328,0.02246181,0.14038634,0.15161725,0.1460018,11700,72.965812,11.145299099999999,3.29059829,17573,98.6803684,9.83895749,13.1136951,7.04975016,12.6510878,0,AAR,179.8397669337218
686,FRANKLIN,IN,0.023,19580,851.304348,19496,10,34,27,13,99.57099079999999,0.05107252,0.17364658,0.13789581,0.06639428,12029,65.26727079999999,12.993598800000001,3.54975476,19375,98.9530133,10.6270968,12.678725199999999,8.36868492,14.227642300000001,0,LAR,197.52988116165437
687,FULTON,IN,0.021,18840,897.142857,18555,151,47,36,51,98.4872611,0.8014861999999999,0.24946921,0.1910828,0.27070064,12405,75.3164047,13.929867000000002,4.15961306,18611,98.7845011,10.3379722,12.8706879,9.1876013,10.021152800000001,0,AAR,203.36426806864708
688,GIBSON,IN,0.028999999999999998,31913,1100.44828,31146,596,38,104,29,97.59659070000001,1.86757748,0.11907373,0.325886,0.09087206,20949,72.8053845,15.504320000000002,3.50852069,31364,98.2796979,9.63843897,11.1341717,7.94889993,12.2426177,0,AAR,229.24125499402487
689,GRANT,IN,0.024,74169,3090.375,67817,5047,298,373,634,91.43577509999999,6.80472974,0.40178511,0.50290553,0.85480457,47541,71.75700970000001,15.5381671,5.48579121,70618,95.2122855,13.0816506,18.2321973,11.6630942,10.2415235,0,AAR,482.5217969296912
690,GREENE,IN,0.033,30410,921.515152,30248,10,47,65,40,99.4672805,0.03288392,0.15455442,0.21374548,0.13153568,20124,71.58616579999999,14.952295800000002,4.35301133,29957,98.5103584,13.1788897,18.216047800000002,11.408643699999999,11.5055672,0,AAR,206.46640646589213
692,HANCOCK,IN,0.017,45527,2678.0588199999997,45173,44,59,176,75,99.22243940000001,0.09664595,0.12959343,0.38658379,0.16473741,29024,80.1095645,20.489939399999997,6.60832415,44988,98.8160872,4.46341247,5.62774014,3.50094256,6.07751938,1,HLU,430.0416405150651
693,HARRISON,IN,0.027999999999999997,29890,1067.5,29641,124,58,36,31,99.1669455,0.41485447,0.19404483,0.12044162,0.10371362,18829,71.1243295,13.107440700000001,3.83982155,29559,98.8926062,9.83118509,12.58419,7.53536948,12.9673655,1,AAU,225.04755372333278
694,HENDRICKS,IN,0.024,75717,3154.875,74519,685,157,275,81,98.4177926,0.90468455,0.20735106,0.36319453,0.10697730000000001,48047,84.0656024,24.2200345,7.15965617,73207,96.6850245,3.66904804,4.22803082,2.84384454,6.13503237,1,HLU,490.73144344112177
695,HENRY,IN,0.024,48139,2005.7916699999998,47446,474,78,78,63,98.5604188,0.98464862,0.16203079,0.16203079,0.13087102,31989,71.374535,13.2576823,4.41714339,47341,98.34230040000001,12.350816400000001,17.2683924,10.603422199999999,11.0881168,0,AAR,344.47457597635395
697,HUNTINGTON,IN,0.023,35427,1540.30435,35012,52,154,133,76,98.82857709999999,0.14678070000000001,0.43469670000000005,0.37541988,0.21452564,22188,78.5559762,16.973138600000002,4.84946818,34397,97.092613,6.56452598,7.3208402,5.38424668,9.07244414,1,ALU,285.2267255460723
698,JACKSON,IN,0.03,37730,1257.6666699999998,37289,138,66,189,48,98.8311688,0.36575669,0.17492711,0.50092764,0.12721972,24151,69.32632190000001,13.142312900000002,3.82592853,37228,98.6694938,10.492102699999998,13.5361596,8.64372075,11.5976685,0,AAR,249.25222254435403
699,JASPER,IN,0.034,24960,734.1176469999999,24659,111,60,40,90,98.79407049999999,0.44471154,0.24038462,0.16025641,0.36057692,14984,75.5205553,14.8558462,5.23224773,23850,95.55288459999998,7.9706499000000015,10.070028,6.37300843,9.37019969,0,AAR,182.61420068024805
700,JAY,IN,0.022000000000000002,21512,977.818182,21313,30,32,67,70,99.0749349,0.13945705,0.14875418,0.31145407,0.32539978,13843,68.87957809999999,12.771798,4.43545474,21179,98.4520268,9.74078096,11.8595994,8.39788732,10.5313547,0,AAR,213.6327316414343
701,JEFFERSON,IN,0.021,29797,1418.90476,29181,363,58,122,73,97.9326778,1.21824345,0.19465047,0.40943719,0.24499111,18876,70.28501800000001,17.546090300000003,5.50434414,27849,93.4624291,11.63417,15.619021599999998,9.61010784,12.160493800000001,0,AAR,269.774822902156
702,JENNINGS,IN,0.021,23661,1126.7142900000001,23347,209,31,51,23,98.6729217,0.88331009,0.13101729,0.21554457,0.09720637,14942,64.08111360000001,10.1458975,3.38642752,22854,96.58932420000001,12.8030104,16.947001,10.3086514,14.773396100000001,0,LAR,232.58442797643886
704,KNOX,IN,0.031,39884,1286.58065,39107,486,69,178,44,98.0518504,1.21853375,0.1730017,0.44629425,0.11031993,24740,74.50282940000001,19.9757478,5.29506871,37005,92.7815665,15.697878699999999,19.8819543,14.454248000000002,13.9807342,0,AAR,252.93243269999084
705,KOSCIUSKO,IN,0.032,65294,2040.4375,64058,309,118,322,487,98.10702359999999,0.4732441,0.18072105,0.49315404,0.7458571999999999,40321,77.475757,19.2629151,5.91751197,64110,98.18666340000001,6.64170956,8.2147651,5.32189084,8.34152093,0,ALR,348.88434368790615
706,LAGRANGE,IN,0.022000000000000002,29477,1339.86364,29156,44,59,92,126,98.91101540000001,0.14926892,0.20015605,0.31210775,0.42745191,16100,56.652173899999994,11.111801199999999,3.46583851,28954,98.2257353,11.507909100000001,15.961557500000001,7.96751242,13.4746404,0,LAR,259.7143631336666
709,LAWRENCE,IN,0.027000000000000003,42836,1586.5185199999999,42536,109,88,77,26,99.2996545,0.25445887,0.20543468,0.17975535,0.06069661,28005,69.70898050000001,13.1476522,3.84931262,42152,98.4032123,9.72195863,12.5923191,7.86502438,11.274880300000001,0,AAR,291.108927089005
712,MARSHALL,IN,0.026000000000000002,42182,1622.3846199999998,41508,76,72,151,375,98.4021621,0.18017164,0.17068892,0.35797259,0.88900479,26511,73.9692958,17.7775263,5.35249519,41497,98.37608459999998,7.54512374,9.9233426,5.89902569,8.81351121,0,AAR,295.6740124028596
713,MARTIN,IN,0.021,10369,493.76190499999996,10321,12,14,14,8,99.5370817,0.11572958,0.13501784,0.13501784,0.07715305,6625,64.40754720000001,13.5396226,3.38113208,10211,98.4762272,13.847811199999999,17.9383712,11.3361763,15.455035,0,LAR,152.02139945834716
714,MIAMI,IN,0.024,36897,1537.375,34784,1115,571,224,203,94.27324709999999,3.0219259,1.54755129,0.60709543,0.55018023,22509,76.4272069,14.407570300000001,3.88733396,35971,97.49031090000001,10.939367800000001,15.2701644,9.26941094,9.05255757,0,AAR,284.85387394904507
716,MONTGOMERY,IN,0.03,34436,1147.8666699999999,33971,201,68,138,58,98.64966899999999,0.58369149,0.19746777,0.40074341,0.16842839,22174,80.0487057,16.9252277,5.80860467,33157,96.2858636,9.39771391,11.8232951,7.65231519,11.269892800000001,0,HAR,235.27673127373265
717,MORGAN,IN,0.024,55920,2330.0,55635,9,137,91,48,99.49034329999999,0.01609442,0.24499285,0.16273247,0.08583691,35089,73.5786144,14.6798142,4.43443814,55262,98.823319,6.67728276,8.36697487,5.18163722,9.53302374,1,ALU,385.74024706722577
718,NEWTON,IN,0.024,13551,564.625,13436,9,39,24,43,99.15135409999999,0.06641576,0.28780164,0.1771087,0.31731975,8567,72.44076109999999,12.174623599999999,3.18664643,13310,98.22153349999999,8.8580015,12.610734800000001,7.11798301,8.02442215,0,AAR,161.0409492359584
719,NOBLE,IN,0.025,37877,1515.08,37456,58,83,98,182,98.88850749999999,0.15312723,0.21913034,0.25873221,0.48050268,23151,72.0832793,12.6387629,3.5592415,37198,98.2073554,8.04881983,11.6240876,6.00627082,8.47923103,0,AAR,282.01613644559785
720,OHIO,IN,0.005,5315,1063.0,5255,41,8,9,2,98.87111949999999,0.77140169,0.1505174,0.16933208,0.03762935,3457,67.7176743,10.7029216,1.79346254,5271,99.17215429999999,9.88427243,8.62688713,8.58398107,15.960912099999998,1,LAU,224.4747876876516
721,ORANGE,IN,0.023,18409,800.391304,18213,127,40,21,8,98.93530340000001,0.68987995,0.21728502,0.11407464,0.043457,11902,64.93026379999999,9.78827088,2.83985885,18103,98.3377696,15.3455228,19.423275,12.788065800000002,16.7800454,0,LAR,191.04960063357822
722,OWEN,IN,0.023,17281,751.3478259999999,17167,44,46,18,6,99.340316,0.25461489,0.2661883,0.10416064,0.03472021,11151,66.27208320000001,11.1649179,3.25531342,17046,98.640125,13.5515663,17.9775281,11.1626436,14.4039735,0,LAR,184.80728097356084
723,PARKE,IN,0.027000000000000003,15410,570.7407410000001,15222,118,42,16,12,98.780013,0.76573653,0.27255029,0.10382868,0.07787151,10217,76.7348537,14.6129001,4.31633552,14849,96.35950679999999,12.1961075,13.0620985,10.3266992,15.941101199999999,0,AAR,161.81936895325242
724,PERRY,IN,0.022000000000000002,19107,868.5,18819,210,32,32,14,98.492699,1.09907364,0.16747789,0.16747789,0.07327158,12271,65.3573466,11.0422948,2.90929835,18163,95.05940229999999,11.6225293,14.165641699999998,9.28652322,14.501679699999999,0,LAR,199.71856681209738
725,PIKE,IN,0.02,12509,625.45,12469,3,16,19,2,99.6802302,0.02398273,0.12790791,0.15189064,0.01598849,8387,65.482294,13.842851999999999,3.89889114,12357,98.7848749,13.2637372,19.8807157,10.592172300000001,12.6115166,0,LAR,168.78283681824934
727,POSEY,IN,0.025,25968,1038.72,25588,283,38,34,25,98.5366605,1.08980283,0.14633395,0.13093038,0.09627234,16513,76.29746259999999,17.2106825,4.59032278,25679,98.8870918,7.62490751,8.9456869,5.92997509,11.345580900000002,1,AAU,221.38439672179834
728,PULASKI,IN,0.026000000000000002,12643,486.26923099999993,12509,65,21,20,28,98.940125,0.51411848,0.16609982,0.15819029999999998,0.22146642,7974,71.8961625,14.1710559,3.51141209,12467,98.6079253,10.8285875,13.6955919,8.91951838,11.4992151,0,AAR,151.06772186198458
729,PUTNAM,IN,0.028999999999999998,30315,1045.34483,29196,826,77,154,62,96.308758,2.72472373,0.25399967,0.50799934,0.20451921,18437,76.05358790000001,15.734664000000002,5.5811683,26072,86.0036286,8.27324333,10.7356154,6.72192811,9.37950938,0,AAR,222.22761396983435
730,RANDOLPH,IN,0.026000000000000002,27148,1044.15385,26947,56,49,37,59,99.259614,0.20627671,0.18049212,0.13628997,0.21732724,17694,71.8548661,12.6200972,4.53826156,26789,98.67761899999999,11.3516742,15.730337099999998,9.68322036,10.187418800000001,0,AAR,222.0760244380175
731,RIPLEY,IN,0.025,24616,984.64,24501,16,44,38,17,99.53282420000001,0.06499838,0.17874553,0.15437114,0.06906077,15331,68.81481959999999,13.5281456,3.99191181,24262,98.561911,10.547358000000001,12.9624319,8.24702723,13.6374324,0,AAR,214.50102178632292
732,RUSH,IN,0.023,18129,788.217391,17901,142,15,60,11,98.7423465,0.78327542,0.08274036,0.33096144,0.06067626,11404,73.5882147,12.846369699999999,3.89337075,17589,97.02134699999999,11.177440400000002,13.4143785,9.50972105,12.701252199999999,0,AAR,189.50008865852539
734,SCOTT,IN,0.011000000000000001,20991,1908.2727300000001,20850,16,25,50,50,99.32828359999999,0.07622314,0.11909866,0.23819732,0.23819732,13060,59.992343000000005,10.589586500000001,3.27718224,20636,98.308799,18.9813917,26.882281300000002,15.887213599999999,16.0839161,1,LHU,332.06223449465773
735,SHELBY,IN,0.024,40307,1679.4583300000002,39743,330,67,142,25,98.60073929999999,0.81871635,0.16622423,0.35229613,0.06202397,25585,74.12546409999999,14.700019500000002,3.70529607,39745,98.6057012,7.23109825,9.41501612,5.43236263,9.82587065,1,ALU,302.938430762486
736,SPENCER,IN,0.024,19490,812.083333,19295,111,37,33,14,98.99948690000001,0.56952283,0.18984094,0.1693176,0.07183171,12509,71.9242146,14.133823600000001,4.44479974,19102,98.0092355,9.85760653,10.7415902,8.0898243,14.254725800000001,0,AAR,192.53777776677816
737,STARKE,IN,0.019,22747,1197.21053,22446,73,86,48,94,98.6767486,0.32092144,0.37807183,0.21101684,0.41324131,14260,59.915848499999996,10.014025199999999,3.00841515,22293,98.0041324,13.425739000000002,18.5185185,11.8391095,10.2341299,0,LAR,241.55728395760121
738,STEUBEN,IN,0.021,27446,1306.9523800000002,27146,51,64,132,53,98.9069445,0.18581943,0.23318516,0.48094440000000005,0.19310646,17256,78.9986092,18.6080204,5.44738062,26541,96.702616,5.63279454,5.03225806,5.17698213,7.88116361,0,ALR,255.52537381822816
739,SULLIVAN,IN,0.027000000000000003,18993,703.4444440000001,18905,15,39,15,19,99.5366714,0.07897647,0.20533881,0.07897647,0.10003686,12602,74.0676083,15.4816696,4.12632915,18678,98.3414942,12.5120463,15.413300199999998,9.67541222,15.6844106,0,AAR,178.71007426159144
740,SWITZERLAND,IN,0.013000000000000001,7738,595.230769,7695,15,16,10,2,99.4443009,0.19384854,0.20677178,0.12923236,0.02584647,5015,65.8025922,9.47158524,3.17048853,7589,98.0744378,15.2193965,20.3518783,11.365332,18.4300341,0,LAR,164.93649256464832
742,TIPTON,IN,0.016,16119,1007.4375,15990,10,20,51,48,99.1997022,0.06203859,0.12407718,0.3163968,0.29778522,10511,77.03358390000001,15.421938899999999,4.87108743,15933,98.84608229999999,6.43946526,8.11649558,5.04670768,8.19285233,1,ALU,217.4027181637545
743,UNION,IN,0.01,6976,697.6,6915,20,15,21,5,99.12557340000001,0.28669725,0.21502294,0.30103211,0.07167431,4397,71.2531271,12.6449852,3.91175802,6836,97.9931193,9.47922762,11.552729199999998,7.66578249,11.9592875,0,AAR,177.96618559033794
745,VERMILLION,IN,0.016,16773,1048.3125,16690,15,32,28,8,99.5051571,0.08942944,0.19078281,0.16693495,0.0476957,11163,72.0594822,12.2726866,3.52951715,16494,98.3366124,11.6709106,14.768339800000001,9.87012987,12.560801099999999,1,AAU,222.60534298785876
747,WABASH,IN,0.023,35069,1524.7391300000002,34462,138,259,123,87,98.26912659999999,0.39350994,0.73854401,0.35073712,0.24808235,22008,74.38658670000001,16.080516199999998,4.98455107,33017,94.1486783,9.1922343,10.441454499999999,8.93758669,8.08468078,0,AAR,283.2455634674266
748,WARREN,IN,0.021,8176,389.333333,8140,1,17,15,3,99.5596869,0.01223092,0.20792564,0.18346379999999998,0.03669276,5403,71.60836570000001,13.399963,3.03535073,8075,98.7646771,9.16408669,11.1265647,7.32876712,11.638491499999999,0,AAR,138.72959074806073
749,WARRICK,IN,0.023,44920,1953.04348,44274,371,83,157,35,98.56188780000001,0.82591273,0.18477293,0.34951024,0.07791630000000001,28368,80.1254935,23.8155668,5.85166385,44151,98.2880677,6.58195737,8.66166853,5.20934196,8.198136,1,HLU,337.7607156039853
750,WASHINGTON,IN,0.03,23717,790.5666669999999,23625,23,28,18,23,99.6120926,0.09697685,0.11805878,0.07589493,0.09697685,14989,66.1685236,10.8145974,2.88211355,23390,98.6212421,14.296707999999999,18.0585852,11.578057800000002,17.1385238,0,LAR,189.79910765880115
751,WAYNE,IN,0.024,71951,2997.95833,67532,3795,153,296,175,93.85832020000001,5.27442287,0.21264472,0.41139109,0.24322108,46603,71.2443405,15.589125199999998,5.13486256,69370,96.4128365,14.8926049,20.813639399999996,13.2868788,11.6376769,0,AAR,470.75887921707834
752,WELLS,IN,0.021,25948,1235.61905,25758,10,40,41,99,99.26776629999999,0.03853862,0.15415446,0.15800832,0.3815323,16396,79.00097579999999,18.5655038,5.58672847,25464,98.134731,5.57257304,6.61065969,4.43388757,7.49419954,1,ALU,246.44597189910832
753,WHITE,IN,0.03,23265,775.5,23127,2,50,41,45,99.4068343,0.008596600000000001,0.21491511,0.17623039,0.1934236,15292,77.8773215,16.583834699999997,5.16609992,22974,98.7491941,7.70436145,8.13656669,6.16872291,11.0403397,0,AAR,187.88140207468587
754,WHITLEY,IN,0.02,27651,1382.55,27473,29,73,37,39,99.356262,0.10487867,0.26400492,0.13381071,0.14104372,17369,78.8761587,15.809776000000001,4.22016236,27251,98.5533977,5.22549631,6.12323492,3.90956194,7.95652174,1,ALU,265.1475402880801
1197,ALCONA,MI,0.040999999999999995,10145,247.43902400000002,10026,27,56,26,10,98.8270084,0.26614096,0.55199606,0.25628388,0.09857072,7368,68.553203,14.1150923,3.24375679,10040,98.9650074,17.250996,27.2045028,16.6173986,11.5069357,0,AAR,120.66909278102659
1198,ALGER,MI,0.051,8972,175.921569,8422,213,304,24,9,93.8698172,2.37405261,3.38831922,0.26749889,0.10031208,6009,73.0237976,16.2755866,3.82759195,8452,94.20419079999999,14.481779500000002,19.2080109,12.309116099999999,13.9679255,0,AAR,111.56625518494685
1200,ALPENA,MI,0.034,30605,900.147059,30372,35,93,85,20,99.2386865,0.1143604,0.30387192,0.2777324,0.06534880000000001,20165,73.597818,18.9337962,4.23010166,30329,99.09818659999999,13.475551500000002,17.042324100000002,12.166951800000001,12.2930256,0,AAR,203.74664692863053
1201,ANTRIM,MI,0.031,18185,586.6129030000001,17895,23,211,24,32,98.4052791,0.12647787,1.16029695,0.1319769,0.17596921,12185,76.38079609999998,19.039803,5.01436192,17942,98.6637338,13.2148033,18.758141600000002,12.0375423,9.68128445,0,AAR,163.8395990213479
1202,ARENAC,MI,0.021,14931,711.0,14695,10,139,38,49,98.4193959,0.06697475,0.93094903,0.25450405,0.32817628,9782,65.3956246,11.8278471,2.58638315,14664,98.21177420000001,20.649208899999998,28.9513678,18.2323366,16.0544649,0,LHR,179.6717555632553
1203,BARAGA,MI,0.054000000000000006,7954,147.29629599999998,6971,49,918,10,6,87.64143829999999,0.61604224,11.541362800000002,0.12572291,0.07543374,5166,70.48006190000001,14.576074300000002,3.36817654,7700,96.8066382,16.8181818,22.387344199999998,14.2559291,15.813168300000003,0,AAR,107.92279204350193
1204,BARRY,MI,0.034,50057,1472.26471,49429,104,188,144,192,98.7454302,0.20776315,0.37557185,0.28767205,0.38356274,31892,78.26414150000001,17.2519754,3.86303775,49091,98.0702,9.07498319,11.6531558,8.00437796,8.27717737,0,AAR,276.5665489078554
1206,BENZIE,MI,0.02,12200,610.0,11863,30,237,35,35,97.23770490000001,0.24590164,1.94262295,0.28688525,0.28688525,8333,76.64706590000002,21.4208568,4.68018721,12077,98.9918033,12.8591538,18.641174499999998,11.304757400000002,10.3274559,0,AAR,166.81634009574384
1208,BRANCH,MI,0.028999999999999998,41502,1431.10345,40278,705,221,156,142,97.0507445,1.69871332,0.53250446,0.3758855,0.34215219,26446,73.7880965,16.066702,3.51281857,39759,95.8002024,14.084861300000002,20.8565121,11.6031599,10.717385,0,AAR,271.3274885270013
1210,CASS,MI,0.03,49477,1649.23333,44827,3725,469,191,265,90.6016937,7.52875073,0.94791519,0.38603796,0.5356024,31841,72.2778807,15.8443516,3.42639992,48946,98.92677409999999,11.882482699999999,17.7992278,9.57841732,10.2969621,0,AAR,299.0913522228272
1211,CHARLEVOIX,MI,0.022000000000000002,21468,975.818182,20993,17,378,41,39,97.78740450000001,0.07918763,1.7607602,0.19098193,0.18166574,13963,79.69634029999999,22.6527251,5.06338179,21250,98.98453509999999,10.3952941,13.843192199999999,8.11281337,12.0059289,0,AAR,213.37816895890933
1212,CHEBOYGAN,MI,0.048,21398,445.791667,20837,15,478,57,11,97.3782597,0.07010001,2.23385363,0.26638004,0.05140667,14207,73.5412121,14.647708900000001,3.01259942,21097,98.5933265,15.561454199999998,21.159054,13.302880599999998,14.158559299999999,0,AAR,145.91568322502633
1213,CHIPPEWA,MI,0.078,34604,443.64102599999995,28353,2184,3820,152,95,81.9356144,6.31140909,11.0391862,0.43925558,0.27453474,21848,73.59483709999999,16.939765700000002,3.80812889,29486,85.20980229999999,17.0759004,20.955974800000003,16.1035046,14.339152100000002,0,AAR,145.64194675397223
1214,CLARE,MI,0.034,24952,733.8823530000001,24665,40,160,53,34,98.8497916,0.16030779,0.64123116,0.21240782,0.13626162,16401,66.9105542,12.041948699999999,2.76812389,24522,98.2766912,23.7134002,35.978586,22.1719457,13.5634167,0,LHR,182.58425214433706
1215,CLINTON,MI,0.034,57883,1702.44118,56639,218,276,199,551,97.850837,0.37662181,0.47682394,0.34379697,0.95192025,35745,83.68443140000001,22.8647363,4.94614631,57463,99.27439840000001,6.01778536,7.36650485,4.98168716,7.71621622,1,HLU,305.8637187365206
1216,CRAWFORD,MI,0.034,12260,360.588235,11802,264,145,42,7,96.2642741,2.15334421,1.18270799,0.34257749,0.05709625,8057,73.20342559999999,18.7787018,4.98945017,11569,94.36378470000001,14.5907166,20.8293153,12.823920300000001,10.992616900000002,0,AAR,135.07087611989903
1217,DELTA,MI,0.069,37780,547.536232,36819,16,809,99,37,97.4563261,0.04235045,2.14134463,0.26204341,0.09793542,24476,76.8875633,18.912404000000002,3.52590293,37242,98.5759661,14.6125342,18.591133,13.127551,13.1073145,0,AAR,158.86586792439488
1218,DICKINSON,MI,0.046,26831,583.282609,26532,23,135,106,35,98.88561740000002,0.08572174,0.50314934,0.39506541,0.13044613,17972,78.52214559999999,20.4206544,3.80035611,26455,98.5986359,9.8998299,12.251126300000001,7.1444387,13.4107884,0,AAR,163.41571473422948
1220,EMMET,MI,0.027000000000000003,25040,927.407407,24122,133,683,69,33,96.3338658,0.53115016,2.72763578,0.27555911,0.13178914,16448,81.535749,26.872568100000002,6.49319066,24581,98.1669329,8.51470648,10.2641509,7.11646468,10.171790199999998,0,HAR,207.21638058535274
1222,GLADWIN,MI,0.031,21896,706.322581,21694,19,114,40,29,99.0774571,0.08677384,0.52064304,0.18268177,0.13244428,14388,64.80400329999999,11.433138699999999,2.20322491,21641,98.8354037,22.3233677,33.1810193,20.1047987,14.902424599999998,0,LHR,179.07640739928866
1223,GOGEBIC,MI,0.068,18052,265.47058799999996,17486,243,283,26,14,96.86461329999999,1.34611123,1.56769333,0.14402836,0.07755373,12497,76.2743058,21.1730815,3.35280467,17385,96.3051185,14.880644199999997,19.5447798,13.598733900000001,13.257945000000001,0,AAR,122.96417443200701
1224,GRAND TRAVERSE,MI,0.03,64273,2142.4333300000003,63019,259,555,318,122,98.0489475,0.40296859,0.86350412,0.49476452,0.18981532,41094,84.861537,30.9753249,7.0253565,62872,97.82023559999999,8.54911566,11.2048541,7.49803127,7.69153931,0,HAR,361.8665097334871
1225,GRATIOT,MI,0.033,38982,1181.2727300000001,37827,328,144,98,585,97.037094,0.84141399,0.36940126,0.25139808,1.50069263,23966,77.0675123,16.4441292,4.20595844,36654,94.02801290000001,14.080318700000001,19.159372899999997,12.4962511,10.702287599999998,0,AAR,239.5286993968279
1226,HILLSDALE,MI,0.034,43431,1277.38235,42919,113,143,112,144,98.8211186,0.26018282,0.3292579,0.25788032,0.33156041,26657,75.211014,16.4684698,4.14900401,42138,97.0228639,12.8031705,16.4067013,11.2972735,11.509408,0,AAR,251.76166073865608
1227,HOUGHTON,MI,0.06,35446,590.766667,34469,158,153,610,56,97.2436946,0.44574846,0.43164250000000004,1.72092761,0.15798679999999998,20646,73.94168359999999,24.7650877,7.32829604,32448,91.542064,21.036735699999998,21.1989796,23.697148499999997,14.5784943,0,AHR,164.36829567455575
1228,HURON,MI,0.05,34951,699.02,34627,22,89,60,153,99.0729879,0.06294527,0.25464221,0.17166891,0.43775572,22798,67.9928064,14.308272699999998,3.08799017,34484,98.6638437,15.009859599999999,17.944587600000002,13.4359815,14.9548881,0,LAR,178.14692509493068
1230,IONIA,MI,0.034,57024,1677.1764699999999,53141,3003,221,120,539,93.1905864,5.2662037,0.38755612,0.21043771,0.94521605,33466,77.2156816,15.116835,3.40046614,51695,90.65481199999999,11.3299159,14.9650878,9.34628975,11.109629199999999,0,AAR,302.64799256111274
1231,IOSCO,MI,0.033,30209,915.424242,28966,632,228,269,114,95.88533220000001,2.09209176,0.75474196,0.89046311,0.37737098,19194,76.31551529999999,16.234239900000002,3.63134313,29106,96.3487702,14.1585927,18.582596399999996,12.255761099999999,13.2756867,0,AAR,205.69114727158302
1232,IRON,MI,0.07,13175,188.21428600000002,13028,4,102,32,9,98.88425050000001,0.03036053,0.77419355,0.24288425,0.0683112,9594,72.9726913,15.4575777,3.28330206,12886,97.80645159999999,17.1193543,23.3241189,14.456164600000001,16.512235699999998,0,AAR,113.13088869246707
1233,ISABELLA,MI,0.034,54624,1606.58824,52212,635,1020,456,301,95.5843585,1.16249268,1.86731107,0.83479789,0.55103984,26492,79.74482859999999,27.2497358,10.0030198,48498,88.78514940000001,24.8546332,21.2696866,28.4791467,13.966294,0,AHR,293.66342796936766
1236,KALKASKA,MI,0.033,13497,409.0,13321,10,114,23,29,98.6960065,0.07409054,0.84463214,0.17040824,0.21486256,8485,69.61697109999999,11.455509699999999,2.38067177,13321,98.6960065,14.2256587,17.2608361,12.5250501,14.244663399999999,0,AAR,141.23279050198346
1238,KEWEENAW,MI,0.02,1701,85.05,1688,1,4,6,2,99.2357437,0.05878895,0.23515579,0.35273369,0.1175779,1287,64.33566429999999,14.452214499999998,3.57420357,1696,99.7060553,20.5778302,21.8844985,21.276595699999998,19.0243902,0,LHR,100.0
1239,LAKE,MI,0.035,8583,245.228571,7337,1146,81,9,10,85.4829314,13.351974800000002,0.94372597,0.10485844,0.11650938,5931,61.288146999999995,11.3134379,2.00640701,8387,97.7164162,26.4099201,37.698603799999994,25.070712300000004,18.8764973,0,LHR,120.38774335838889
1240,LAPEER,MI,0.038,74768,1967.57895,73049,483,319,282,635,97.7008881,0.64599829,0.42665311,0.37716669999999997,0.84929382,45437,77.60195440000001,16.154235500000002,3.2572572999999996,73344,98.09544190000001,8.19289921,10.8173406,6.89849757,7.908967999999999,1,AAU,339.610809721466
1241,LEELANAU,MI,0.021,16527,787.0,15958,16,451,45,57,96.5571489,0.09681128,2.72886791,0.27228172,0.34489018,11127,85.099308,32.596387199999995,8.25918936,16422,99.364676,9.00621118,12.8336041,7.04916163,9.20502092,0,HAR,189.3451374992045
1244,LUCE,MI,0.055,5763,104.781818,5418,2,331,6,6,94.01353459999999,0.03470415,5.74353635,0.10411244,0.10411244,3811,69.58803459999999,14.405667800000002,3.33245867,5566,96.5816415,17.6787639,22.943444699999997,16.8765743,12.835093400000002,0,AHR,102.51149226058733
1245,MACKINAC,MI,0.059000000000000004,10674,180.915254,8955,5,1691,11,12,83.89544690000001,0.046842800000000004,15.842233499999999,0.10305415,0.11242271,7156,71.38065959999999,15.287870300000002,2.78088317,10570,99.0256699,16.4049196,22.2423146,14.993456699999998,12.9071661,0,AAR,112.20185810958924
1247,MANISTEE,MI,0.032,21265,664.53125,20851,54,189,54,117,98.053139,0.2539384,0.88878439,0.2539384,0.55019986,14619,73.295027,16.252821700000002,3.39284493,21000,98.7538208,17.6238095,25.9354583,15.384615400000001,14.141213800000001,0,AAR,173.75715073646398
1248,MARQUETTE,MI,0.11,70887,644.427273,68027,1170,943,538,209,95.96540970000001,1.6505142,1.33028623,0.75895439,0.29483544,42386,81.7722833,26.763554,6.7994149,66398,93.66738609999999,12.6088135,14.262159900000002,11.84465,12.523891,0,HAR,171.19828957919373
1249,MASON,MI,0.028999999999999998,25537,880.5862070000001,24957,155,188,75,162,97.7287857,0.60696245,0.73618671,0.29369151,0.63437365,16796,76.1252679,18.540128600000003,4.06644439,25147,98.4728042,14.061319400000002,20.0209958,12.4061605,10.7592659,0,AAR,201.25691544983349
1250,MECOSTA,MI,0.034,37308,1097.29412,35739,978,258,187,146,95.7944677,2.62142168,0.69154069,0.50123298,0.39133698,19005,77.7426993,25.0460405,7.84530387,32627,87.4530932,25.0681951,25.5436141,28.2299641,13.1685725,0,AHR,228.83978927866838
1251,MENOMINEE,MI,0.064,24920,389.375,24464,7,382,60,7,98.17014449999999,0.02808989,1.5329053,0.24077047,0.02808989,16514,74.282427,15.084171,2.65229502,24562,98.56340290000001,12.7514046,14.068672099999999,11.308677099999999,14.551257999999999,0,AAR,138.7348941797071
1252,MIDLAND,MI,0.031,75651,2440.35484,73466,719,334,804,328,97.1117368,0.95041705,0.4415010999999999,1.06277511,0.43356995,47213,83.2440218,35.6088365,11.1854786,74135,97.9960609,11.0851824,14.5056449,10.134028500000001,8.30024213,1,HAU,399.7863591172332
1253,MISSAUKEE,MI,0.033,12147,368.090909,12015,3,74,25,30,98.91331190000001,0.02469746,0.60920392,0.20581213,0.24697456,7628,69.3890928,13.280021,2.39905611,11973,98.5675475,17.2889,23.757062100000002,15.07431,13.2467532,0,AAR,136.02582652967425
1255,MONTCALM,MI,0.042,53059,1263.30952,51216,960,384,157,342,96.52650820000001,1.80930662,0.72372265,0.29589702,0.64456548,32959,73.3851148,14.160017000000002,2.93698231,50918,95.9648693,15.3187478,19.1582873,13.693402800000001,13.773563099999999,0,AAR,249.97045206089706
1256,MONTMORENCY,MI,0.033,8936,270.787879,8861,1,48,10,16,99.1606983,0.01119069,0.53715309,0.11190689,0.17905103,6279,67.5903806,13.457556900000002,2.7552157999999998,8803,98.51163829999999,17.5167557,26.8328446,16.208251500000003,12.4022346,0,LAR,123.64096636236997
1258,NEWAYGO,MI,0.051,38202,749.0588240000001,36758,468,248,103,625,96.22009320000001,1.22506675,0.64918067,0.26961939,1.63604,23989,71.07424240000002,15.6946934,3.84759682,37725,98.7513743,15.880715700000001,21.367674800000003,13.130646599999999,14.869186,0,AAR,184.51593372884832
1260,OCEANA,MI,0.03,22454,748.466667,21211,58,242,50,893,94.464238,0.25830587,1.07775897,0.22267747,3.97701968,14069,73.3172223,16.902409600000002,3.91641197,22156,98.6728423,17.8868027,24.622655899999998,15.3972083,14.0566274,0,AHR,184.44056319165037
1261,OGEMAW,MI,0.032,18681,583.78125,18489,18,140,19,15,98.9722178,0.09635458,0.74942455,0.10170762,0.08029549,12379,63.0341708,11.6568382,2.73850876,18364,98.3030887,21.7545197,30.546492699999998,19.9889197,15.6257046,0,LHR,163.47918242951795
1262,ONTONAGON,MI,0.078,8854,113.512821,8723,4,109,15,3,98.5204427,0.04517732,1.231082,0.16941495,0.03388299,6198,74.5724427,15.956760199999998,2.66214908,8712,98.3962051,13.1887052,16.516374,11.8080357,12.8,0,AAR,103.62278603299414
1263,OSCEOLA,MI,0.034,20146,592.529412,19899,57,117,43,30,98.7739502,0.28293458,0.58076045,0.21344187,0.14891294,12491,72.0598831,13.6658394,2.64190217,19853,98.54561700000001,18.546315399999997,24.083319,16.269339300000002,16.2198036,0,AHR,164.5926602224595
1264,OSCODA,MI,0.033,7842,237.63636400000001,7781,2,41,5,13,99.22213719999999,0.0255037,0.52282581,0.06375925,0.16577404,5433,66.5746365,12.921038099999999,2.68728143,7718,98.41877070000001,17.802539499999998,24.350649399999998,17.0002669,13.5186057,0,LHR,119.42139706828644
1265,OTSEGO,MI,0.031,17957,579.258065,17737,18,103,82,17,98.774851,0.10023946,0.57359247,0.45664643,0.09467060000000001,11358,79.45060749999999,20.021130499999998,4.43740095,17682,98.4685638,9.46725484,11.455231300000001,7.837492,11.080502000000001,0,AAR,162.9034653759396
1267,PRESQUE ISLE,MI,0.042,13743,327.21428599999996,13648,11,43,30,11,99.308739,0.08004075,0.31288656,0.21829295,0.08004075,9285,65.6758212,13.8933764,3.27409801,13627,99.15593390000001,14.6987598,16.6811468,12.511443400000001,16.767955800000003,0,LAR,130.8229951279531
1268,ROSCOMMON,MI,0.034,19776,581.647059,19597,37,101,23,18,99.0948625,0.18709547,0.51072006,0.11630259,0.09101942,14435,69.38690679999999,13.363353,2.81260824,19602,99.12014559999999,18.0542802,26.0370913,17.9957969,13.0744236,0,AHR,163.20753973652762
1271,ST JOSEPH,MI,0.028999999999999998,58913,2031.48276,56661,1600,226,258,168,96.1774142,2.71586916,0.38361652,0.4379339,0.28516626,36757,73.76010009999999,17.0117257,3.81423946,58033,98.506272,11.4917375,16.674669899999998,9.77610991,8.22842179,0,AAR,347.7445723700493
1272,SANILAC,MI,0.055999999999999994,39928,713.0,39232,39,195,71,391,98.2568624,0.09767582,0.48837908,0.17782008,0.97926267,25404,72.1461187,13.797039800000002,3.11368288,39486,98.8930074,14.2962063,18.748882899999998,11.9235869,14.105634699999998,0,AAR,179.9263182457803
1273,SCHOOLCRAFT,MI,0.075,8302,110.69333300000001,7755,7,519,13,8,93.4112262,0.08431703,6.25150566,0.15658877,0.09636232,5643,71.5931242,14.5667198,2.76448698,8218,98.98819559999998,16.6098807,20.7288216,15.321212099999999,14.8989899,0,AAR,103.26391781868065
1274,SHIAWASSEE,MI,0.031,69770,2250.64516,68686,93,397,223,371,98.44632359999999,0.13329511,0.56901247,0.31962161,0.53174717,43097,78.7456203,17.2912268,3.4712392999999997,69020,98.9250394,10.588235300000001,14.5300886,9.05735814,8.88030888,0,AAR,375.6398565963555
1275,TUSCOLA,MI,0.048,55498,1156.2083300000002,54051,478,345,206,418,97.3926988,0.8612923000000001,0.62164402,0.37118455,0.75318029,34607,72.95055909999999,14.124310099999999,2.5572861000000002,54175,97.6161303,12.8583295,17.2158102,11.4048489,10.0748013,0,AAR,236.33846894688833
1276,VAN BUREN,MI,0.037000000000000005,70060,1893.5135100000002,63189,4690,646,217,1318,90.19269200000001,6.69426206,0.9220668,0.30973451,1.88124465,43758,71.8405777,17.8047443,4.48146625,69093,98.6197545,15.1332262,21.0408367,12.4853114,13.4497364,1,AAU,330.1836611770696
1279,WEXFORD,MI,0.034,26360,775.294118,26040,34,178,87,21,98.7860395,0.12898331,0.67526555,0.33004552,0.07966616,16597,74.6158944,18.232210600000002,3.59703561,26038,98.7784522,14.6401413,20.1308237,12.4565469,12.323275,0,AAR,187.85519713758407
2009,ADAMS,OH,0.035,25371,724.885714,25212,47,67,30,15,99.3733002,0.18525088,0.26408104,0.11824524,0.05912262,15569,58.3852527,8.74173036,2.15813475,25028,98.6480627,28.5280486,35.0246846,25.7522586,26.1800599,0,LHR,181.43914786556263
2011,ASHLAND,OH,0.025,47507,1900.28,46686,460,49,271,41,98.2718336,0.96827836,0.10314269,0.57044225,0.08630307,29403,76.0024487,17.2669455,4.15943951,45486,95.7458901,11.3441498,17.2289909,9.15943446,8.67428431,0,AAR,331.0449090999088
2013,ATHENS,OH,0.03,59549,1984.96667,56163,1678,167,1374,167,94.31392629999999,2.81784749,0.28044132,2.30734353,0.28044132,30179,74.6114848,29.149408500000003,12.0447994,51002,85.6471141,28.6733854,29.2581157,31.7442813,14.3249554,0,AHR,341.8239420445626
2014,AUGLAIZE,OH,0.024,44585,1857.7083300000002,44225,66,50,177,67,99.1925535,0.14803185,0.11214534,0.39699450000000003,0.15027476,27676,76.4561353,16.176470600000002,3.24468854,43911,98.4882808,6.26949967,8.14294535,5.28379951,6.08875129,1,ALU,325.62632984252474
2015,BELMONT,OH,0.031,71074,2292.70968,69520,1308,81,129,36,97.8135464,1.84033543,0.11396573,0.18150097,0.05065143,48645,72.34248120000001,14.1576729,3.22746428,69952,98.42136359999999,17.4190874,25.849973000000002,15.762905100000001,12.5753241,1,AAU,380.9938851215183
2016,BROWN,OH,0.027999999999999997,34966,1248.7857099999999,34487,406,28,30,15,98.6300978,1.16112795,0.08007779,0.08579763,0.04289882,21769,64.90881529999999,11.4336901,3.1742386000000002,34439,98.49282159999998,14.155463300000001,18.6900797,11.1457233,16.3148479,1,LAU,248.1218420438555
2018,CARROLL,OH,0.024,26521,1105.0416699999998,26254,135,65,29,38,98.9932506,0.50903058,0.2450888,0.10934731,0.14328268,17124,71.52534449999999,11.323289,3.07171222,26075,98.3183138,11.746884,14.6183522,10.940731800000002,9.75813178,1,AAU,229.82590783416651
2019,CHAMPAIGN,OH,0.026000000000000002,36019,1385.34615,34698,992,68,113,148,96.3324912,2.754102,0.18878925,0.31372331,0.41089425,23023,75.38982759999999,13.912174800000003,2.8971028999999997,35404,98.2925678,8.82668625,12.379656800000001,6.82405567,9.93365922,0,AAR,265.50343801045125
2022,CLINTON,OH,0.024,35415,1475.625,34471,716,59,138,31,97.3344628,2.0217422,0.16659608,0.38966540000000005,0.08753353,21969,74.33201329999999,15.763120800000001,3.77349902,34521,97.4756459,12.2505142,14.7371682,10.6142298,13.412162200000001,0,AAR,276.99425112608634
2024,COSHOCTON,OH,0.034,35427,1041.9705900000001,34819,415,68,112,13,98.2837948,1.17142293,0.191944,0.31614305,0.03669518,22878,71.3305359,11.6793426,2.42154034,34833,98.3233127,13.188642999999999,17.751112,11.1867496,12.150537599999998,0,AAR,221.7981361768928
2025,CRAWFORD,OH,0.023,47870,2081.30435,47361,253,67,116,73,98.9367036,0.52851473,0.13996240000000001,0.24232296,0.15249634,30958,73.8193682,14.258026999999998,2.9717682,47189,98.57739709999998,11.5916845,15.418153,10.1218333,10.4140383,1,AAU,354.0859311690791
2027,DARKE,OH,0.036000000000000004,53619,1489.4166699999998,53067,184,96,114,158,98.9705142,0.34316194,0.17904101,0.2126112,0.29467166,34048,73.45805920000001,13.475094,3.21898496,52557,98.01935879999999,8.98643378,12.134572300000002,7.14033102,9.59320612,0,AAR,278.74967338193596
2028,DEFIANCE,OH,0.023,39350,1710.8695699999998,36962,493,80,121,1694,93.93138499999999,1.25285896,0.20330368,0.30749682,4.30495553,24362,76.7670963,18.188161899999997,3.44388802,38386,97.5501906,8.7584015,11.4322065,7.11092484,9.76641842,0,AAR,306.9364955204039
2029,DELAWARE,OH,0.027000000000000003,66929,2478.85185,64888,1424,104,385,128,96.9504998,2.12762778,0.15538855,0.57523644,0.19124744,41799,84.37283190000001,31.594057300000003,9.34232876,63986,95.60280300000001,5.67311599,6.5723747,4.52441077,9.06414817,1,HLU,404.68631018462867
2030,ERIE,OH,0.013999999999999999,76779,5484.21429,69613,6312,150,265,439,90.6667188,8.22099793,0.19536592,0.34514646,0.57177093,50112,76.23922409999999,18.7380268,4.63761175,75406,98.21175059999999,8.98602233,12.6682741,7.13811263,9.33003597,0,AAR,787.2128725277367
2032,FAYETTE,OH,0.024,27466,1144.4166699999998,26593,662,50,102,59,96.8215248,2.41025268,0.18204325,0.37136824,0.21481104,17854,65.2850902,11.8740898,2.14517755,26886,97.8882983,16.220337699999998,21.950537899999997,13.534645499999998,15.982015099999998,0,LAR,234.83761064637707
2034,FULTON,OH,0.025,38498,1539.92,37097,93,62,137,1109,96.3608499,0.24157099,0.16104733,0.35586264,2.88066913,23846,78.25631130000001,16.4765579,3.3296989000000004,37995,98.6934386,6.22976707,7.58154831,4.93982309,8.125516099999999,1,ALU,285.17780496255807
2035,GALLIA,OH,0.026000000000000002,30954,1190.53846,29831,871,79,136,37,96.3720359,2.81385281,0.25521742,0.43936163,0.11953221,19586,64.1784948,14.9341366,4.32451751,29824,96.34942170000001,22.488599800000003,28.460781899999997,19.7789588,21.765393600000003,0,LHR,240.70805393900395
2038,GUERNSEY,OH,0.032,39024,1219.5,38166,616,70,141,31,97.801353,1.57851579,0.17937679,0.36131611,0.07943829,25188,71.35937750000001,13.5143719,2.57265364,38112,97.6629766,17.4721872,24.321473100000002,15.073493599999999,14.3717608,0,AAR,244.3943175952312
2040,HANCOCK,OH,0.031,65536,2114.06452,63572,591,91,401,881,97.0031738,0.90179443,0.13885498,0.61187744,1.34429932,41492,82.919599,24.4504965,5.54564735,64198,97.95837399999999,7.27748528,8.45006003,6.51807196,7.93665845,0,HLR,358.2556895466663
2041,HARDIN,OH,0.027999999999999997,31111,1111.10714,30661,236,66,115,33,98.5535663,0.75857414,0.21214361,0.36964418,0.10607181,18589,73.9523374,16.0309861,4.32513852,29111,93.57140559999999,16.3821236,21.816574,14.9368203,12.5945537,0,AAR,230.597928991154
2042,HARRISON,OH,0.025,16085,643.4,15645,393,22,15,10,97.2645322,2.44327013,0.13677339,0.09325459,0.06216972,10726,69.75573370000001,10.5537945,1.96718255,15808,98.27789870000001,19.6988866,29.343534100000003,18.2995358,11.9607843,0,AHR,171.06753689391098
2043,HENRY,OH,0.025,29108,1164.32,27951,147,53,95,862,96.0251477,0.5050157999999999,0.18208053,0.32637076,2.96138519,18245,75.43436559999999,15.258975099999999,2.65826254,28491,97.8803078,6.96360254,8.67297428,5.1076843,9.92209922,0,ALR,237.370933184367
2044,HIGHLAND,OH,0.034,35728,1050.8235300000001,34876,692,73,71,16,97.6153157,1.93685625,0.20432154,0.19872369,0.044782800000000005,22784,66.4808638,12.311271099999999,2.49297753,35314,98.841245,16.483547599999998,19.438422600000003,14.341374900000002,18.1541141,0,LAR,222.92495025420914
2045,HOCKING,OH,0.024,25533,1063.875,25199,234,55,25,20,98.69188890000001,0.91646105,0.21540751,0.09791251,0.07833,16368,67.84579670000001,12.85435,2.71260997,24857,97.3524459,15.709860399999998,20.7745956,13.482021599999998,14.9915234,0,LAR,224.58615886125625
2046,HOLMES,OH,0.025,32849,1313.96,32706,52,24,43,24,99.5646747,0.1583001,0.07306158,0.13090201,0.07306158,17780,46.912261,9.33070866,1.72665917,31830,96.89792690000002,17.244737699999998,24.5171128,12.3522422,15.357939100000001,0,LAR,256.41731309088595
2047,HURON,OH,0.03,56240,1874.6666699999998,54982,597,85,153,423,97.7631579,1.06152205,0.15113798,0.27204836,0.75213371,34521,74.131688,13.4497842,2.95472321,55535,98.7464438,9.50391645,13.0375596,8.02076192,8.16840178,0,AAR,327.78481010331
2048,JACKSON,OH,0.024,30230,1259.5833300000002,29895,218,53,39,25,98.8918293,0.72113794,0.17532253,0.12901092,0.08269931,19136,60.8800167,10.984531800000001,2.95255017,29874,98.8223619,24.1882573,30.1736614,21.099600600000002,24.1633681,0,LHR,249.4961775998982
2050,KNOX,OH,0.03,47473,1582.43333,46747,381,93,195,57,98.4707097,0.80256146,0.19590083,0.4107598,0.12006825,29992,75.2000533,16.771139,4.2011203,44269,93.2509005,12.4511509,18.1717025,10.5853414,9.88372093,0,AAR,290.5889586264929
2052,LAWRENCE,OH,0.026000000000000002,61834,2378.23077,60115,1559,57,75,28,97.2199761,2.52126662,0.09218229,0.12129249,0.04528253,39219,65.8787832,12.208368400000001,3.14643413,61007,98.6625481,23.539921600000003,33.2300024,21.1064359,16.3875266,1,LHU,391.8791241629484
2054,LOGAN,OH,0.027000000000000003,42310,1567.03704,41156,804,58,240,52,97.27251240000001,1.90025999,0.13708343,0.56724179,0.12290239,26780,74.48842420000001,13.323375699999998,3.33457804,41566,98.2415505,10.4676899,13.5485,9.22106393,9.52197379,0,AAR,288.62929818482667
2057,MADISON,OH,0.027999999999999997,37068,1323.85714,33947,2764,96,157,104,91.58033879999999,7.45656631,0.25898349,0.42354592,0.28056545,23896,69.49280209999999,13.3788082,2.67408771,32904,88.7665911,8.4275468,11.2765492,7.12069334,8.11343048,1,AAU,257.6770343447486
2059,MARION,OH,0.024,64274,2678.08333,60948,2707,148,285,186,94.82527929999999,4.21165635,0.23026418,0.44341413,0.28938607,41239,73.7578506,15.0270375,3.04323577,61526,95.7245543,12.713324400000001,18.2830355,10.749387599999999,10.0189036,0,AAR,430.0447601807395
2061,MEIGS,OH,0.025,22987,919.48,22734,177,44,20,12,98.8993779,0.77000044,0.19141254,0.0870057,0.05220342,14772,64.02653670000001,11.677498,2.38288654,22665,98.5992082,26.009265399999997,34.9729464,23.6672906,19.957934100000003,0,LHR,206.2073695896591
2062,MERCER,OH,0.027999999999999997,39443,1408.67857,39131,14,85,100,113,99.20898509999999,0.03549426,0.21550085,0.25353041,0.28648936,23780,75.4793944,14.100084099999998,3.32632464,38961,98.7779834,6.70414004,7.62704884,5.68931069,8.04411765,0,ALR,268.47321972295094
2064,MONROE,OH,0.026000000000000002,15497,596.038462,15437,19,26,12,3,99.61282829999999,0.12260438,0.16777441,0.07743434,0.01935859,10196,69.4488035,10.513927,2.59905845,15276,98.57391750000001,21.4912281,28.809219,18.6889987,19.7591146,0,AHR,165.03929681301662
2066,MORGAN,OH,0.025,14194,567.76,13524,570,64,12,24,95.27969559999998,4.01578132,0.45089474,0.08454276,0.16908553,8980,71.58129179999999,11.3808463,2.31625835,13924,98.0977878,21.2079862,31.325,17.9487179,14.814814800000002,0,AHR,161.4399762408163
2067,MORROW,OH,0.024,27749,1156.2083300000002,27579,64,49,38,19,99.3873653,0.23063894,0.17658294,0.13694187,0.06847094,17158,71.32532929999999,12.1051405,2.54691689,27440,98.8864464,11.0750729,17.3749057,8.39833593,8.89809849,0,AAR,236.33846894688833
2069,NOBLE,OH,0.024,11336,472.333333,11301,7,15,9,4,99.6912491,0.06175018,0.13232181,0.07939308,0.03528582,7235,69.8548721,8.84588804,1.57567381,11176,98.58856740000002,16.3743737,22.735790100000003,12.807199699999998,16.4845173,0,AAR,149.29394207284736
2070,OTTAWA,OH,0.016,40029,2501.8125,39029,265,51,94,590,97.5018112,0.66202004,0.12740763,0.23482975,1.4739314,26931,75.8568193,19.338309,4.21447403,39392,98.4086537,6.61301787,9.54335557,5.25392428,6.72342557,0,ALR,407.60877251288724
2071,PAULDING,OH,0.025,20488,819.52,19920,236,54,20,258,97.2276455,1.15189379,0.26356892,0.09761812,1.25927372,12456,72.2302505,11.488439300000001,2.82594733,20298,99.07262790000001,9.78914179,11.970321499999999,8.16975645,11.210901199999999,0,AAR,193.48432671706064
2072,PERRY,OH,0.023,31557,1372.04348,31408,57,46,21,25,99.5278385,0.18062553,0.14576798,0.06654625,0.07922173,19411,68.5539127,10.1076709,2.18432847,31255,99.0430016,19.0657495,25.3889985,16.3782957,16.7218221,0,AHR,263.8102563304789
2073,PICKAWAY,OH,0.03,48255,1608.5,44867,3036,127,95,130,92.9789659,6.291576,0.26318516,0.19687079,0.26940213,31380,69.7100064,13.0943276,2.93499044,42392,87.8499637,12.0777505,16.3463189,9.94214435,12.4391393,1,AAU,293.90675934633964
2074,PIKE,OH,0.026000000000000002,24249,932.653846,23807,327,72,41,2,98.1772444,1.34850922,0.29691946,0.16907914,0.00824776,15099,60.77223660000001,12.444532800000001,3.23862507,23830,98.2720937,26.575744899999997,36.915078,22.2239587,22.7062546,0,LHR,207.8841543781246
2076,PREBLE,OH,0.025,40113,1604.52,39819,147,53,65,29,99.2670705,0.36646474,0.13212674,0.16204223,0.07229576,25469,72.46063840000001,11.233264,2.39899486,39614,98.75601429999999,10.188317300000001,15.565560999999999,8.12505639,8.24067022,0,AAR,293.4001796081149
2077,PUTNAM,OH,0.028999999999999998,33819,1166.17241,33197,26,44,25,527,98.1607972,0.07687986,0.13010438,0.07392294,1.55829563,20028,77.50649090000002,15.708008800000002,2.8060715,33390,98.7314823,5.75621444,7.14017991,4.23869967,7.95176182,0,ALR,237.60671041373507
2079,ROSS,OH,0.040999999999999995,69330,1690.9756100000002,64362,4467,155,266,80,92.8342709,6.44309823,0.22356844,0.38367229,0.11539016,45531,67.58032990000001,14.115657500000001,2.99795744,63449,91.5173806,17.7496887,24.867632500000003,15.0094603,15.417933800000002,0,LHR,304.40436560858166
2080,SANDUSKY,OH,0.024,61963,2581.79167,58282,1553,94,142,1892,94.05935799999999,2.50633443,0.15170344,0.22916902,3.05343511,38993,76.6163157,16.2824097,3.40061037,60811,98.140826,8.99672757,12.030513000000001,7.50127931,8.76451954,0,AAR,417.78862854354793
2082,SENECA,OH,0.033,59733,1810.0909100000001,57474,1172,90,234,763,96.2181709,1.96206452,0.15067048,0.39174326,1.27735088,36666,75.2604593,15.6221022,3.03005509,57655,96.5211859,10.7518862,14.3172859,9.29836624,9.27675988,0,AAR,319.56552075746544
2083,SHELBY,OH,0.025,44915,1796.6,43789,615,49,393,69,97.49304240000001,1.36925303,0.10909496,0.87498608,0.15362351,27365,72.943541,17.376210500000003,3.66892015,44127,98.245575,7.74582455,10.546339999999999,5.95581568,8.73122118,0,AAR,317.8483796378139
2088,UNION,OH,0.026000000000000002,31969,1229.57692,30563,1168,57,132,49,95.60198940000001,3.65353937,0.17829773,0.4129,0.15327348,20527,76.16310229999999,16.9825108,3.84858966,30117,94.20688790000001,7.43101903,9.46814728,5.77602449,9.76408912,0,AAR,245.67692148862602
2089,VAN WERT,OH,0.024,30464,1269.3333300000002,29900,193,31,78,262,98.1486345,0.63353466,0.10175945,0.25603992,0.86003151,19497,79.2327025,15.1100169,3.1902343999999996,30007,98.49986870000001,7.09167861,7.60100707,6.06022585,9.22109675,0,ALR,250.73717067720747
2090,VINTON,OH,0.024,11098,462.416667,11071,4,16,3,4,99.75671290000001,0.03604253,0.14417012,0.0270319,0.03604253,6963,58.695964399999994,7.91325578,1.56541721,10937,98.54928819999999,23.607936399999996,31.7708333,22.225975299999998,14.917695499999999,0,LHR,148.03173552351524
2092,WASHINGTON,OH,0.038,62254,1638.26316,61129,774,111,185,55,98.1928872,1.2432936,0.17830179999999998,0.29716966,0.08834774,40411,77.50612459999999,19.0096756,4.35524981,60627,97.38651329999999,13.673775699999998,17.9894516,12.0116635,12.6052655,1,AAU,297.6950542713497
2094,WILLIAMS,OH,0.025,36956,1478.24,36366,23,46,127,394,98.4035069,0.06223617,0.12447235,0.34365191,1.0661326999999998,23340,76.092545,14.498714699999999,2.70779777,36499,98.7633943,7.55363161,10.686584300000002,5.92573754,7.44215134,0,AAR,277.3270918334877
2096,WYANDOT,OH,0.024,22254,927.25,22087,20,20,65,62,99.24957309999999,0.08987148,0.08987148,0.29208232,0.27860159999999995,14361,76.4709978,13.710744400000001,2.54856904,21743,97.7037836,8.49468795,9.99170124,7.31604292,9.76552435,0,AAR,207.19634561126867
2981,ADAMS,WI,0.040999999999999995,15682,382.487805,15001,375,125,56,125,95.6574417,2.39127662,0.79709221,0.35709731,0.79709221,11378,66.98013710000001,12.4274917,2.39057831,14534,92.67950520000001,14.4351177,22.3008305,13.3100559,10.186757199999999,0,LAR,137.8582827625708
2982,ASHLAND,WI,0.054000000000000006,16307,301.98148100000003,14749,17,1478,46,17,90.44582079999999,0.10424971,9.06359232,0.28208745,0.10424971,10262,75.3069577,18.3200156,4.36562074,15573,95.49886550000001,16.2203814,20.3220685,15.160051199999998,13.2975552,0,AAR,127.61132986373826
2983,BARRON,WI,0.053,40750,768.867925,40346,40,209,95,60,99.008589,0.09815951,0.51288344,0.23312883,0.14723926,26198,72.9750363,19.425147,3.24452248,39931,97.990184,11.552427900000001,14.409299800000003,9.94820158,11.7280176,0,AAR,187.03726267333246
2984,BAYFIELD,WI,0.08900000000000001,14008,157.393258,12707,29,1240,24,8,90.71245,0.20702456,8.85208452,0.17133067,0.05711022,9418,78.54109150000001,25.8228923,5.83988108,13833,98.75071390000001,16.5835321,23.487930600000002,14.4289143,13.2549788,0,AAR,109.20794690953832
2986,BUFFALO,WI,0.04,13584,339.6,13521,5,22,29,7,99.5362191,0.03680801,0.16195524,0.21348645,0.05153121,8918,72.6059655,17.9412424,3.13971743,13337,98.1816843,11.906725699999999,15.272024300000002,9.63907813,13.134540300000001,0,AAR,132.3994654183667
2987,BURNETT,WI,0.053,13084,246.867925,12497,22,532,24,9,95.5136044,0.1681443,4.06603485,0.18343014,0.06878630000000001,9045,72.2830293,13.6760641,2.99613046,12816,97.9516967,15.4884519,21.029365300000002,13.9379475,13.168846599999998,0,AAR,120.59640253431293
2988,CALUMET,WI,0.023,34291,1490.9130400000001,33910,29,146,173,33,98.88892129999999,0.0845703,0.42576769,0.50450556,0.09623516,20940,79.6561605,19.7803247,3.01337154,33952,99.01140240000001,4.87158341,6.22784325,3.72723875,6.39097744,1,ALU,278.9401333625609
2989,CHIPPEWA,WI,0.063,52360,831.111111,51854,31,150,276,49,99.03361340000001,0.059205499999999994,0.28647823,0.52711994,0.09358289,33195,74.9269468,18.153336300000003,2.78957674,50983,97.37012990000001,10.476041,13.9566861,8.59508956,10.579373,1,AAU,194.95965887186304
2990,CLARK,WI,0.07200000000000001,31647,439.541667,31437,29,91,38,52,99.33643000000001,0.09163586,0.287547,0.12007457,0.16431257,19702,67.5362907,13.84631,2.50228403,30947,97.7881,13.771932699999999,18.0444728,11.4184117,13.0776485,0,LAR,145.12017484213578
2991,COLUMBIA,WI,0.046,45088,980.1739130000001,44469,243,136,136,104,98.6271292,0.53894606,0.30163236,0.30163236,0.23066004,29637,78.2535344,20.852313,3.54624287,43744,97.0191625,7.49359912,9.98292058,5.91446379,8.358991900000001,0,AAR,213.93257224276795
2992,CRAWFORD,WI,0.035,15940,455.428571,15791,50,26,56,17,99.06524470000001,0.31367629,0.16311167,0.35131744,0.10664994,10169,72.39649920000001,16.599469,2.92064116,15562,97.6286073,14.638221300000001,19.460067499999997,12.3815621,13.4865437,0,AAR,147.1422812917642
2994,DODGE,WI,0.054000000000000006,76559,1417.75926,74700,1142,215,197,305,97.5718074,1.49166003,0.28082916,0.25731789,0.39838556,49694,72.2783435,15.925463800000001,2.82327846,72840,95.1423085,6.64470071,8.39387394,5.17740489,8.25578798,0,ALR,269.6290221257398
2995,DOOR,WI,0.027999999999999997,25690,917.5,25387,29,178,47,49,98.8205527,0.11288439,0.69287661,0.18295056,0.19073569,17369,79.56704470000001,22.4883413,4.42167079,25318,98.5519657,9.82305079,13.938754000000001,8.2382666,8.65316276,0,AAR,205.95535253395937
2996,DOUGLAS,WI,0.078,41758,535.358974,40454,170,805,266,63,96.87724509999998,0.40710762,1.92777432,0.63700369,0.15086929,27060,77.2172949,20.9940872,4.97782705,40426,96.8101921,14.9210904,22.9435598,13.104968300000001,9.24704418,1,AAU,157.3159301932555
2997,DUNN,WI,0.052000000000000005,35909,690.557692,34929,172,95,633,80,97.2708792,0.47898855,0.26455763,1.76278927,0.22278537,19755,77.66135159999999,26.2870159,7.50696026,32837,91.4450416,16.6336754,15.1954674,18.6613878,11.8962601,0,AAR,177.06983118251438
2999,FLORENCE,WI,0.03,4590,153.0,4562,4,14,4,6,99.3899782,0.08714597,0.30501089,0.08714597,0.13071895,3057,75.171737,15.6035329,2.78050376,4513,98.3224401,13.139818300000002,18.8417618,10.3640257,12.605042,0,AAR,108.64876713878616
3001,FOREST,WI,0.06,8776,146.26666699999998,7842,127,780,14,13,89.3573382,1.44712853,8.88787603,0.15952598,0.14813127,5608,64.1226819,13.569900099999998,2.2467903,8581,97.778031,21.7806782,31.751365000000003,19.693706600000002,14.349332,0,LHR,107.79173948337917
3002,GRANT,WI,0.069,49264,713.971014,48838,76,76,234,40,99.1352712,0.15427087,0.15427087,0.47499188,0.08119519,29160,77.8806584,21.6803841,5.24348422,46314,94.0118545,13.715075400000002,15.1552225,12.974722400000001,13.6286394,0,AAR,180.04991021008493
3003,GREEN,WI,0.034,30339,892.3235289999999,30173,23,51,66,26,99.4528495,0.07581001,0.16810046,0.21754178,0.08569828,19708,76.7759286,19.8751776,3.34381977,29821,98.2926267,7.83675933,10.2412605,6.84171136,7.20466184,0,AAR,202.7508575368232
3004,GREEN LAKE,WI,0.022000000000000002,18651,847.7727269999999,18386,21,42,103,99,98.57916469999999,0.1125945,0.225189,0.55224921,0.53080264,12453,74.5523167,17.3050671,3.33253031,18351,98.3915072,9.9722086,13.531353099999999,8.35054909,9.42870413,0,AAR,197.0803717039436
3005,IOWA,WI,0.046,20150,438.04347800000005,20093,7,21,19,10,99.71712159999998,0.03473945,0.10421836,0.0942928,0.04962779,12747,80.5993567,20.483251,3.94602652,19890,98.7096774,9.99497235,12.4825175,8.10377358,11.624649900000001,0,HAR,144.92948333675108
3006,IRON,WI,0.047,6153,130.914894,6121,1,25,2,4,99.4799285,0.01625223,0.40630587,0.03250447,0.06500894,4447,74.70204629999999,18.7317293,2.67596132,6021,97.85470500000001,13.0709185,15.646785399999999,12.1790423,12.6623377,0,AAR,105.8377452251819
3007,JACKSON,WI,0.06,16588,276.466667,15814,47,674,30,23,95.33397640000001,0.28333735,4.0631782,0.18085363,0.13865445,10800,68.82407409999999,15.3240741,2.43518519,16244,97.92621170000001,14.6577198,20.600858399999996,12.3831216,12.5467626,0,AAR,124.3637701157553
3008,JEFFERSON,WI,0.035,67783,1936.6571399999998,66702,189,176,287,429,98.40520479999999,0.27883098,0.25965213,0.42341000000000006,0.63290206,42214,76.96498790000001,22.1656323,4.73302696,64692,95.43985959999999,7.195634700000001,7.99721432,6.72824313,7.46902655,0,ALR,335.6750402704021
3009,JUNEAU,WI,0.047,21650,460.638298,21307,31,166,78,68,98.41570440000001,0.14318707,0.76674365,0.36027714,0.31408776,14210,70.5840957,14.3912738,2.47712878,21340,98.5681293,12.7835052,14.769230800000003,11.1914696,13.9638682,0,AAR,147.8053823319356
3011,KEWAUNEE,WI,0.02,18878,943.9,18766,24,52,23,13,99.4067168,0.12713211,0.27545291,0.12183494,0.06886323,11945,73.5454165,14.390958600000001,2.15989954,18662,98.855811,8.21991212,9.8546347,6.05500821,11.6542392,0,AAR,209.3155799432891
3013,LAFAYETTE,WI,0.037000000000000005,16076,434.486486,16009,14,21,19,13,99.5832297,0.08708634,0.13062951,0.11818859999999999,0.08086589,10181,77.03565470000001,16.4620371,2.60288773,15911,98.97362530000001,11.023819999999999,13.316151199999998,9.61466981,11.2437186,0,AAR,144.47674462413113
3014,LANGLADE,WI,0.052000000000000005,19505,375.096154,19291,13,137,22,42,98.9028454,0.06664958,0.702384,0.11279159,0.21532939999999998,12933,71.49926540000001,13.6317946,2.89955927,19234,98.6106127,14.625143,21.930683399999996,11.595420599999999,12.7876683,0,AAR,136.9174635091466
3015,LINCOLN,WI,0.053,26993,509.301887,26712,84,96,78,23,98.95898940000001,0.31119179,0.35564776,0.28896381,0.08520728,17567,71.05937270000001,17.4417943,3.44395742,26273,97.33264179999999,10.4175389,13.7597459,8.59200576,10.8202124,0,AAR,153.99934921050215
3018,MARINETTE,WI,0.08199999999999999,40548,494.487805,40280,8,150,63,47,99.33905490000001,0.0197297,0.36993193,0.15537141,0.11591201,26699,73.6094985,15.427544099999999,2.30720252,39419,97.21564570000001,11.6593521,15.133058499999999,9.60642411,12.1661029,0,AAR,152.11379298396963
3019,MARQUETTE,WI,0.027000000000000003,12321,456.333333,12174,31,49,18,49,98.806915,0.25160295,0.39769499,0.14609204,0.39769499,8499,69.714084,14.0016473,2.57677374,12182,98.87184479999999,11.6072894,15.643026800000001,9.678511,11.4586466,0,AAR,147.2574406126475
3020,MENOMINEE,WI,0.021,3890,185.238095,416,0,3469,0,5,10.6940874,0.0,89.17737790000001,0.0,0.1285347,1922,62.6951093,7.33610822,0.52029136,3820,98.20051409999999,48.6910995,64.3084767,43.312464399999996,18.2186235,0,LHR,112.75207511013372
3022,MONROE,WI,0.054000000000000006,36633,678.388889,35983,141,301,143,65,98.2256435,0.38489886,0.82166353,0.39035842,0.17743565,23025,75.7263844,17.372421300000003,2.84473398,35485,96.8662135,13.002677199999999,18.0921979,10.5513257,11.607284199999999,0,AAR,175.52096961511535
3023,OCONTO,WI,0.06,30226,503.766667,29926,18,212,36,34,99.00747700000001,0.05955138,0.70138292,0.11910276,0.11248594,19760,69.4078947,13.431174100000002,2.37854251,29750,98.4251969,12.094117599999999,14.116631699999997,9.63442252,15.5886158,0,AAR,153.29481898471917
3024,ONEIDA,WI,0.071,31679,446.183099,31320,58,223,56,22,98.86675720000001,0.18308659,0.70393636,0.17677326,0.06944664,22153,77.59671379999999,21.933823899999997,4.97449555,30890,97.5093911,9.61799935,13.966707300000001,8.10961622,8.559414,0,AAR,145.9655052149994
3026,OZAUKEE,WI,0.015,72831,4855.4,71676,492,127,438,98,98.41413680000001,0.67553652,0.17437629999999998,0.60139226,0.13455809,47058,86.8991457,37.41977979999999,9.36503889,71600,98.3097857,2.1801676,1.91895478,1.9385043000000002,3.54706685,1,HLU,707.1765462915167
3027,PEPIN,WI,0.013999999999999999,7107,507.64285700000005,7070,2,18,9,8,99.4793865,0.02814127,0.25327142,0.12663571,0.11256508,4578,71.0353866,15.749235500000001,2.81782438,6944,97.70648659999999,12.615207400000001,14.8821218,10.123966900000001,15.1315789,0,AAR,153.78818564690744
3028,PIERCE,WI,0.034,32765,963.6764710000001,32366,82,87,172,58,98.78223709999999,0.25026705,0.26552724,0.5249504,0.17701816,18623,81.0717929,24.464372,5.42340117,30557,93.26110179999999,10.4165985,11.033133900000001,10.337027800000001,9.47141832,1,HAU,211.83275569760784
3029,POLK,WI,0.055,34773,632.236364,34348,23,321,50,31,98.77778740000001,0.06614327,0.92313001,0.14378972,0.08914963,22515,77.98356650000001,18.5920497,3.39329336,34105,98.0789693,11.8223134,16.0155849,9.75664969,11.1643221,0,AAR,169.64661433046479
3030,PORTAGE,WI,0.048,61405,1279.2708300000002,59972,161,255,786,231,97.6663138,0.26219363,0.41527563,1.28002606,0.37619086,35004,79.7337447,24.634327499999998,6.01931208,57805,94.13728520000001,12.895078300000002,13.5589979,13.182182399999999,10.509440699999999,0,AAR,252.00202900600345
3031,PRICE,WI,0.075,15600,208.0,15479,7,77,27,10,99.22435899999999,0.04487179,0.49358974,0.17307692,0.06410256,10414,73.324371,15.527175,2.81352026,15271,97.89102559999999,10.8899221,12.554958500000001,8.14521452,14.7695725,0,AAR,115.64924090822308
3033,RICHLAND,WI,0.034,17521,515.323529,17411,12,34,38,26,99.372182,0.06848924,0.19405285,0.2168826,0.14839336,11309,73.720046,17.499336800000002,3.14793527,17254,98.47611440000001,13.4403617,15.7928118,12.637111500000001,12.354188800000001,0,AAR,154.76579188086467
3035,RUSK,WI,0.055,15079,274.163636,14821,31,82,114,31,98.2890112,0.20558392,0.54380264,0.7560183000000001,0.20558392,9704,70.3112119,16.7559769,3.01937345,14748,97.8048942,16.578519099999998,20.7524272,15.806851000000002,13.1289074,0,AAR,124.07063724110621
3036,ST CROIX,WI,0.044000000000000004,50251,1142.06818,49895,44,121,148,43,99.2915564,0.08756045,0.24079123,0.2945215,0.08557044,30873,84.4232825,28.588086699999998,5.38010559,49388,98.28262120000001,6.40236495,7.89210789,4.97251286,9.30721916,1,HLU,234.53869168923552
3037,SAUK,WI,0.05,46975,939.5,46459,54,288,79,95,98.9015434,0.11495476,0.61309207,0.16817456,0.20223523,30347,74.6597687,19.833921,3.97073846,46193,98.3352847,9.69194467,13.1041039,8.14808827,9.14033299,0,AAR,208.75554204173415
3038,SAWYER,WI,0.079,14181,179.506329,11962,18,2167,15,19,84.35230240000001,0.1269304,15.2810098,0.10577533,0.13398209,9600,73.73958329999999,17.9479167,4.04166667,13897,97.9973204,20.544002300000002,29.0735695,19.1953682,14.1793182,0,AHR,112.02252824585098
3039,SHAWANO,WI,0.054000000000000006,37157,688.092593,35251,42,1762,70,32,94.8704147,0.11303388,4.74204053,0.18838981,0.08612105,24271,69.453257,14.8077953,2.45560546,36389,97.9330947,11.2973701,14.932266,9.10511287,11.9495299,0,AAR,176.75607007544954
3041,TAYLOR,WI,0.057,18901,331.596491,18807,2,39,44,9,99.5026718,0.01058145,0.20633829,0.23279192,0.04761653,11676,68.8078109,15.0650908,3.0061665,18603,98.42336379999999,12.664624,15.9650375,10.265319,13.889682800000001,0,AAR,131.3807680580403
3042,TREMPEALEAU,WI,0.043,25263,587.511628,25160,12,32,46,13,99.59228909999999,0.0475003,0.12666746,0.18208447,0.05145865,16648,71.6842864,17.5516579,2.87121576,24533,97.1103986,10.6754168,12.919975599999999,7.884144900000001,14.5652992,0,AAR,163.95398994477404
3043,VERNON,WI,0.048,25617,533.6875,25509,12,36,42,18,99.578405,0.04684389,0.14053168,0.16395362,0.07026584,16883,69.21163299999999,18.9421311,3.62494817,25087,97.9310614,15.824929199999998,21.2011051,13.449643099999998,14.571428599999999,0,AAR,157.10318274065014
3044,VILAS,WI,0.06,17707,295.116667,16116,9,1534,38,10,91.01485290000001,0.05082736,8.66324053,0.21460439,0.05647484,12815,76.14514240000001,19.2118611,4.31525556,17446,98.52600670000001,14.7369024,23.0433667,14.251977800000002,9.17322835,0,AAR,126.73756713030073
3045,WALWORTH,WI,0.032,75000,2343.75,72747,454,201,494,1104,96.99600000000001,0.60533333,0.268,0.65866667,1.472,46742,79.0210089,23.1569039,6.08232425,71553,95.404,9.64180398,8.69961284,10.926609800000001,6.89418232,0,AAR,387.490365509585
3046,WASHBURN,WI,0.05,13772,275.44,13585,25,122,33,7,98.6421725,0.18152774,0.88585536,0.23961661,0.05082777,9297,74.8521028,19.0168872,4.02280305,13532,98.2573337,15.866095199999998,21.418598199999998,13.6424832,14.329455,0,AAR,124.23309456296536
3049,WAUPACA,WI,0.045,46104,1024.53333,45695,22,125,92,170,99.1128752,0.047718199999999995,0.27112615,0.19954885,0.36873156,30109,72.137899,16.5498688,3.13859643,44412,96.33003640000001,8.48869675,10.071411,6.95379864,10.338641,0,AAR,219.57869833615
3050,WAUSHARA,WI,0.037000000000000005,19385,523.9189190000001,19094,29,70,43,149,98.49883929999999,0.14960021,0.36110395,0.221821,0.76863554,13316,70.00600779999999,15.064584,2.62090718,19163,98.85478459999999,13.7869853,20.0507078,11.695784100000001,11.8045576,0,AAR,155.85982464873888
3052,WOOD,WI,0.048,73605,1533.4375,72157,90,481,722,155,98.0327423,0.12227429999999999,0.65348821,0.98091162,0.21058352,46796,78.2951534,21.6663817,4.5837251,72685,98.7500849,8.52583064,11.1629965,7.37565628,7.88291776,0,AAR,284.352703667824
