"YEAR_WEEK","STORE_ID","POS_AMT","POS_QTY"
201729,760,84.78,16
201729,3134,22.09,4
201730,758,32.34,6
201730,3104,20.4,4
201730,3150,49.97,9
201730,3134,22.69,5
201730,3682,20.4,4
201730,3148,26.37,5
201730,760,78.21,14
201730,1386,50.25,9
201730,291,212.98,38
201730,3476,28.86,6
201730,770,74.13,13
201730,3614,44.28,8
201731,3149,32.24,6
201731,3919,30.45,6
201731,793,50.26,9
201731,1399,62.09,11
201731,3496,14.93,3
201732,744,85.46,15
201732,3493,49.64,9
201732,3622,15.7,4
201732,263,34.03,6
201732,1306,63.46,12
201732,1341,103.37,18
201732,3933,55.61,10
201732,3135,13.82,3
201732,1384,101.16,19
201732,3665,182.86,32
201732,3635,61.58,11
201732,3643,27.64,6
201732,763,31.73,6
201732,3478,19.46,6
201732,3480,136.98,25
201732,3936,49.64,9
201732,3616,89.22,17
201732,3490,182.86,32
201733,763,42.39,8
201733,3676,49.76,9
201734,263,44.28,8
201734,3022,34.03,6
201734,3132,62.19,11
201734,1399,24.48,5
201734,3910,38.31,7
201736,3150,19.92,4
201736,3659,26.27,5
201736,1356,24,8
201736,3677,118.77,61
201737,3148,24.48,5
201737,3022,34.63,7
201737,3910,50.24,12
201737,796,20.88,4
201738,3619,51.26,9
201738,3659,18.51,4
201738,3910,42.58,10
201738,3125,4.16,4
201738,3677,30.74,12
201738,796,26.73,9
201738,268,84.61,15
201739,3919,34.03,6
201739,796,83.16,28
201739,3463,35.91,12
201740,796,83.31,23
201740,3125,30.45,6
201741,796,50.7,10
201741,3125,26.27,5
201742,1384,45.79,8
201742,3643,33.85,6
201742,3662,45.97,8
201742,3125,22.09,4
201743,1399,40,7
201743,3461,40,7
201743,3478,34.03,6
201743,3133,25.87,5
201744,3117,26.41,5
201744,3653,56.14,10
201744,3461,32.28,6
201744,3618,163.77,29
201744,3622,32.89,7
201744,3621,29.9,6
201744,3676,37.86,7
201744,3496,8.98,2
201744,3134,20.34,4
201744,763,36.5,7
201744,3936,46.59,9
201744,3022,34.93,7
201744,3146,44.3,8
201745,3104,16.17,3
201745,3657,38.33,7
201745,3670,62.29,11
201745,3022,42.5,10
201745,3922,61.08,12
201745,3622,10.18,2
201745,796,23.92,8
201745,3643,33.95,6
201745,3127,39.93,7
201745,3936,24.65,5
201746,3919,26.35,5
201746,1341,61.08,12
201746,796,83.58,42
201747,3112,42.52,8
201747,3149,24.55,5
201747,1370,28.15,5
201747,3490,72.44,16
201747,703,25.14,6
201747,3919,22.75,5
201747,3910,44.32,8
201747,1341,122.72,28
201747,3677,41.53,17
201747,793,33.94,6
201747,3666,79.95,30
201748,3149,18.56,4
201748,3919,4.19,1
201748,3682,53.9,10
201749,3640,80.37,14
201749,1384,93.86,18
201750,1368,18.56,4
201750,3474,20.36,4
201750,763,16.17,3
201751,763,10.18,2
201751,3936,36.43,7
201751,3474,24.55,5
201751,3133,34.14,6
201751,3462,12.57,3
201801,3658,123.37,23
201801,1313,79.86,14
201801,763,10.18,2
201801,3140,16.17,3
201802,763,67.07,13
201802,3463,54.47,13
201802,1368,44.32,8
201803,3150,10.18,2
201803,1368,44.32,8
201803,3919,34.73,7
201803,289,97.72,17
201803,3682,40.13,7
201803,3478,22.75,5
201803,763,12.57,3
201803,3646,20.36,4
201804,3150,25.14,6
201804,1326,8.38,2
201804,3478,4.19,1
201804,1376,34.14,6
201805,266,49.1,10
201805,3133,18.56,4
201805,3127,14,7
201805,277,36.53,7
201806,3618,130.77,23
201806,3141,62.39,11
201807,1341,164.68,32
201808,3496,3.99,1
201808,760,62.29,11
201809,3112,28.15,5
201811,743,26.35,5
201811,744,80.85,15
201811,3151,50.91,9
201811,3150,8.98,2
201811,3135,20.36,4
201811,3126,8.98,2
201811,3142,65.88,12
201811,1370,4.19,1
201811,3646,38.93,7
201811,1326,18.56,4
201811,3924,56.9,10
201811,3643,38.93,7
201811,3141,141.73,25
201811,703,53.9,10
201812,743,25.14,6
201812,3463,25.14,6
201812,3461,22.16,4
201812,1326,8.38,2
201814,3493,39.93,7
201815,3149,68.39,12
201815,3653,22.97,5
201815,3120,39.95,9
201815,3492,64.9,12
201815,3910,74.9,16
201815,1335,160.74,28
201815,3135,32.97,9
201815,3494,58.91,11
201815,3679,76.88,14
201815,291,100,20
201815,3141,59.89,11
201815,3456,56.41,10
201815,3620,88.86,16
201815,705,136.78,24
201815,3682,64.9,12
201815,277,46.93,9
201815,793,28.96,6
201816,718,11.93,3
201816,291,118.59,21
201816,3474,89.2,20
201816,3936,27.95,5
201817,3456,41.92,8
201818,3112,65.54,13
201818,3149,61.78,11
201818,3104,67.77,12
201818,3122,37.82,7
201818,3653,56.89,11
201818,3120,71.18,16
201818,1326,81.63,15
201818,3133,55.79,10
201818,3664,308.9,55
201818,3478,82.81,20
201818,3143,65.54,13
201818,3461,81.63,15
201818,703,141.53,25
201818,268,190.98,36
201818,793,67.77,12
201818,3933,67.77,12
201818,3682,103.36,20
201818,3022,95.49,18
201818,1320,81.63,15
201819,3149,20.46,4
201819,758,37.82,7
201819,3131,123.82,24
201819,3113,135.19,26
201819,3621,135.54,24
201819,3618,55.79,10
201819,3619,43.81,8
201819,3456,73.76,13
201819,3152,27.72,6
201819,3642,97.72,17
201819,3492,61.78,11
201819,3450,149.43,37
201819,705,63.66,12
201819,3615,67.77,12
201819,3675,23.61,6
201819,3496,9.75,3
201819,1356,70.26,13
201819,3673,85.39,17
201819,1313,109.35,21
201819,3124,51.68,10
201819,3451,113.76,20
201820,760,95.14,20
201821,704,207.07,38
201821,3658,212.59,38
201821,3131,233.41,47
201821,1320,295.04,52
201821,3615,97.72,17
201821,1335,260.63,49
201821,268,287.17,50
201821,3922,143.71,26
201821,3618,67.62,14
201821,1341,147.17,28
201821,3461,173.36,31
201821,1326,65.54,13
201821,3456,153.51,27
201821,3682,105.24,21
201821,3022,93.61,17
201821,277,91.83,16
201821,3450,103.08,36
201821,3496,33.94,6
201821,3457,91.73,16
201821,3490,71.87,13
201821,3126,49.8,9
201821,1313,147.71,26
201821,3672,211.23,40
201821,3636,286.05,51
201821,793,51.33,12
201821,3619,103.81,19
201821,737,68.95,17
201821,3141,229.38,40
201821,3134,92.83,17
201821,705,106.77,24
201822,3618,87.62,16
201822,1384,113.46,21
201822,3969,82,82
201822,3450,65.81,13
201823,3969,2.8,4
201823,705,117.86,31
201824,3131,121.37,23
201824,3640,32.33,6
201824,3138,131.37,24
201824,3618,88.54,16
201824,3907,130.33,23
201824,3673,102.96,19
201824,705,36,18
201824,3496,56.72,11
201824,3672,162.66,29
201825,3131,154.21,27
201825,1312,62.18,11
201825,3143,58.69,11
201825,3677,87.56,16
201825,3152,50.24,9
201825,3910,135.28,24
201825,3646,50.24,9
201825,3474,135.75,28
201825,705,55.85,18
201825,3667,145.31,27
201825,3619,8.45,2
201825,3969,95.53,17
201826,3112,158.4,55
201826,743,103.68,36
201826,3149,138.24,48
201826,744,120.96,42
201826,704,164.16,57
201826,758,54.72,19
201826,3658,599.04,208
201826,3104,106.56,37
201826,3660,141.12,49
201826,3131,713.84,248
201826,3122,144,50
201826,3117,953.28,331
201826,3653,169.92,59
201826,3113,172.8,60
201826,3151,383.04,133
201826,3120,118.08,41
201826,3661,688.32,239
201826,3119,262.08,91
201826,3652,86.4,30
201826,3150,135.36,47
201826,3657,109.44,38
201826,3640,204.48,71
201826,263,135.36,47
201826,3462,54.72,19
201826,3681,204.48,71
201826,3142,717.12,249
201826,3937,60.48,21
201826,3670,195.84,68
201826,3926,339.84,118
201826,3621,406.08,141
201826,3494,423.36,147
201826,3682,123.84,43
201826,1312,241.92,84
201826,3143,777.6,270
201826,3132,175.68,61
201826,3622,203.68,71
201826,1350,138.24,48
201826,3644,63.36,22
201826,1346,276.48,96
201826,770,172.8,60
201826,3618,256.32,89
201826,793,132.48,46
201826,3668,106.56,37
201826,266,494.58,172
201826,1341,676.8,235
201826,3476,673.92,234
201826,3680,195.84,68
201826,3145,673.92,234
201826,3919,126.72,44
201826,3663,645.12,224
201826,1386,250.56,87
201826,3493,408.96,142
201826,3022,642.24,223
201826,1356,158.4,55
201826,3138,745.12,259
201826,740,92.16,32
201826,3679,417.6,145
201826,3146,348.48,121
201826,3636,676.8,235
201826,3473,169.92,59
201826,268,322.56,112
201826,3467,573.12,199
201826,3675,353.84,123
201826,3136,288,100
201826,1335,717.12,249
201826,710,135.36,47
201826,1384,325.44,113
201826,3461,276.48,96
201826,3923,840.96,292
201826,3676,123.84,43
201826,730,276.48,96
201826,1306,319.68,111
201826,3665,282.24,98
201826,3616,80.43,27
201826,3925,759.92,264
201826,775,169.92,59
201826,3664,1209.6,420
201826,3615,97.92,34
201826,1320,352.68,123
201826,796,89.28,31
201826,1371,198.72,69
201826,3472,198.72,69
201826,273,95.04,33
201826,3924,823.68,286
201826,3617,155.52,54
201826,1375,854.56,297
201826,3677,596.16,207
201826,1368,192.96,67
201826,3672,413.52,144
201826,3474,201.6,70
201826,275,267.84,93
201826,3463,106.56,37
201826,291,316.8,110
201826,3916,144,50
201826,3922,143.2,50
201826,723,207.36,72
201826,3901,2663.2,925
201826,737,613.44,213
201826,3631,648,225
201826,1313,298.72,104
201826,1336,489.6,170
201826,760,656.64,228
201826,3910,599.04,208
201826,1352,236.16,82
201826,3134,486.72,169
201826,289,161.28,56
201826,3451,357.12,124
201826,3639,207.36,72
201826,1373,230.4,80
201826,293,1463.04,508
201826,3933,757.44,263
201826,3492,112.32,39
201826,3457,100.4,35
201826,1370,221.76,77
201826,3152,167.04,58
201826,3907,105.65,37
201826,3135,95.04,33
201826,1302,858.24,298
201826,288,429.12,149
201826,3133,123.84,43
201826,753,532.8,185
201826,3496,34.56,12
201826,3140,57.6,20
201826,3667,83.52,29
201826,3642,374.4,130
201826,3453,362.88,126
201826,3480,187.2,65
201826,3619,77.76,27
201826,3465,37.44,13
201826,3662,103.68,36
201826,3477,126.72,44
201826,3428,106.56,37
201826,277,336.96,117
201826,3635,109.44,38
201826,3478,77.76,27
201826,3124,120.96,42
201826,3614,141.12,49
201826,3450,1497.6,520
201826,3148,138.24,48
201826,3654,555.84,193
201826,703,258.4,90
201826,3126,100.8,35
201826,3468,527.04,183
201826,3114,270.72,94
201826,3620,31.68,11
201826,3125,25.92,9
201826,3969,14.4,5
201826,3456,250.17,87
201826,3643,161.28,56
201826,763,69.12,24
201826,1399,368.64,128
201826,3666,428.32,149
201826,1394,264.96,92
201826,1326,797.76,277
201826,3659,95.04,33
201826,3915,152.64,53
201826,705,132.48,46
201826,3139,316.8,110
201826,3490,423.36,147
201826,1376,17.28,6
201826,3109,8.64,3
201826,3141,259.2,90
201826,3936,130.09,46
201826,3634,31.68,11
201826,270,336.96,117
201826,3673,319.68,111
201826,3156,123.84,43
201826,3646,92.16,32
201826,3674,48.96,17
201827,3112,285.12,99
201827,743,17.28,6
201827,3149,66.24,23
201827,744,155.52,54
201827,704,826.56,287
201827,758,120.96,42
201827,3658,552.96,192
201827,3104,123.84,43
201827,3660,264.96,92
201827,3653,743.04,258
201827,3131,615.43,214
201827,3117,578.88,201
201827,3122,135.36,47
201827,3120,132.48,46
201827,3113,126.72,44
201827,3151,711.36,247
201827,3150,74.88,26
201827,3652,138.24,48
201827,3119,109.44,38
201827,3661,679.68,236
201827,3657,167.04,58
201827,3640,158.4,55
201827,3933,241.92,84
201827,293,964.8,335
201827,3492,360,125
201827,3644,60.48,21
201827,3472,129.6,45
201827,3617,281.35,98
201827,3907,152.64,53
201827,3135,305.28,106
201827,3146,576,200
201827,3636,734.4,255
201827,3901,1811.52,629
201827,3145,414.72,144
201827,3457,97.92,34
201827,3618,351.36,122
201827,770,190.08,66
201827,3152,385.92,134
201827,1370,216,75
201827,1306,178.56,62
201827,3676,505,176
201827,730,285.12,99
201827,1341,1123.2,390
201827,3665,573.12,199
201827,1371,155.52,54
201827,3639,273.72,144
201827,3451,339.84,118
201827,275,152.28,56
201827,775,161.28,56
201827,3925,293.76,102
201827,3663,547.2,190
201827,3919,512.64,178
201827,3670,607.68,211
201827,3926,216,75
201827,3621,555.84,193
201827,3494,377.28,131
201827,3143,316.8,110
201827,710,889.92,309
201827,1335,699.84,243
201827,1384,118.08,41
201827,1368,141.12,49
201827,3668,276.48,96
201827,3679,394.56,137
201827,263,184.32,64
201827,266,181.44,63
201827,1356,200.6,70
201827,3138,705.6,245
201827,3677,158.4,55
201827,3022,567.36,197
201827,3493,331.2,115
201827,1302,910.08,316
201827,288,472.32,164
201827,3672,357.12,124
201827,3675,135.36,47
201827,289,103.68,36
201827,1352,262.08,91
201827,3476,532.8,185
201827,1375,1012.2,353
201827,793,118.08,41
201827,268,325.44,113
201827,3467,97.92,34
201827,3923,195.84,68
201827,796,126.72,44
201827,1320,181.44,63
201827,3664,996.48,346
201827,3615,120.96,42
201827,3461,169.92,59
201827,3922,262.08,91
201827,723,190.08,66
201827,3916,158.4,55
201827,3473,325.44,113
201827,3142,619.2,215
201827,3680,126.72,44
201827,3631,854.47,297
201827,760,478.08,166
201827,3910,614.71,221
201827,1336,394.56,137
201827,3681,201.6,70
201827,3937,60.48,21
201827,3622,207.36,72
201827,1350,129.6,45
201827,3659,236.16,82
201827,763,290.64,103
201827,273,387.96,167
201827,3666,543.32,289
201827,1394,1293.12,449
201827,3674,79.64,28
201827,3468,495.24,173
201827,3114,328.32,114
201827,3109,60.48,21
201827,1376,144,50
201827,3156,207.36,72
201827,3646,103.68,36
201827,3924,1125.08,391
201827,1399,440.64,153
201827,3635,54.72,19
201827,1346,599.04,208
201827,3667,201.6,70
201827,3642,348.48,121
201827,3477,164.16,57
201827,3428,69.12,24
201827,3126,112.32,39
201827,3643,348.48,121
201827,3616,48.96,17
201827,705,114.2,40
201827,3463,152.64,53
201827,3453,650.88,226
201827,3474,230.4,80
201827,3915,97.92,34
201827,3620,270.72,94
201827,3614,97.92,34
201827,3478,89.28,31
201827,3124,264.96,92
201827,3682,218.88,76
201827,3140,60.48,21
201827,1312,106.56,37
201827,753,391.68,136
201827,740,204.48,71
201827,3619,48.96,17
201827,3480,786.24,273
201827,3462,126.72,44
201827,3133,63.36,22
201827,3673,570.24,198
201827,3134,656.64,228
201827,277,771.84,268
201827,718,40.32,14
201827,1326,1249.92,434
201827,3662,25.92,9
201827,3139,394.56,137
201827,3490,305.04,108
201827,3634,585.39,206
201827,1313,423.36,147
201827,3456,617.71,220
201827,291,181.44,63
201827,3654,750.68,261
201827,3125,37.44,13
201827,3136,213.12,74
201827,703,354.24,123
201827,3450,1537.92,534
201827,3148,34.56,12
201827,1386,743.04,258
201827,3496,106.56,37
201827,3936,290.88,101
201827,737,371.52,129
201827,3141,296.64,103
201827,270,662.4,230
201827,1373,247.68,86
201827,3132,187.2,65
201828,3149,60.16,32
201828,744,492.69,170
201828,3660,262.14,76
201828,3933,44.46,9
201828,3492,273.6,95
201828,3142,967.68,336
201828,288,264.96,92
201828,3670,541.44,188
201828,3152,143.01,33
201828,1320,76.64,14
201828,3631,353.43,119
201828,3676,72.64,13
201828,3910,136.34,24
201828,1356,106.93,37
201828,3668,288,100
201828,1341,712.92,188
201828,3146,457.52,161
201828,3666,105.37,56
201828,3496,46.79,9
201828,3450,1390.77,486
201828,3453,495.36,172
201828,1346,86.4,30
201828,3642,123.43,23
201828,3156,256.32,89
201828,3124,316.8,110
201828,3478,57.76,12
201828,740,589.64,205
201828,273,28.55,8
201828,3134,270.72,94
201828,3936,216,75
201828,3654,365.76,127
201828,3634,526.67,111
201828,3132,149.76,52
201828,3674,123.84,43
201828,1373,164.43,41
201828,3616,64.7,12
201828,3667,546,182
201828,3924,597,199
201828,1399,100.8,35
201829,3149,61.58,11
201829,3660,86.04,17
201829,3151,138,46
201829,3132,100.8,35
201829,3152,97.34,22
201829,1341,517.03,149
201829,3146,360,180
201829,288,40.32,14
201829,3654,463.68,161
201829,3670,136.47,27
201829,740,59.49,11
201829,3142,827.25,269
201829,1346,122.55,25
201829,3492,385.92,134
201829,1356,98.64,32
201829,3631,371.25,125
201829,3134,62.37,12
201829,1373,601.92,209
201829,3924,387,129
201829,1376,104.94,30
201829,3156,167.04,58
201829,3674,97.92,34
201829,3634,444.64,112
201829,3667,669,223
201829,3453,139.98,25
201829,3124,540.15,150
201829,3936,259.2,90
201829,3450,436.56,143
201829,1399,167.04,58
201829,3643,101.49,17
201830,3104,91.21,18
201830,3113,103.48,18
201830,3151,48,16
201830,3135,85.57,15
201830,3142,468.51,138
201830,3643,53.73,9
201830,3936,152.64,53
201830,3666,87.56,16
201830,3654,322.55,93
201830,3677,85.59,15
201830,1313,125.37,23
201830,3634,226.29,57
201830,3492,80.64,28
201830,288,63.36,22
201830,3132,55.74,10
201830,3674,41.37,9
201830,1399,97.92,34
201830,3924,29.97,9
201830,3616,91.54,16
201830,3614,111.16,34
201830,3124,184.32,64
201830,1341,293.87,86
201830,3639,81.59,15
201830,3474,85.57,17
201830,1373,213.12,74
201830,3450,127.36,24
201830,3667,147,49
201831,3151,126.76,43
201831,3665,285.07,81
201831,288,54.72,19
201831,3132,68.15,12
201831,1373,81.48,24
201831,1399,103.68,36
201831,3643,89.55,15
201831,3969,99.55,20
201831,753,73.85,27
201831,3124,11.73,3
201831,3667,111,37
201832,3122,119.41,21
201832,3151,41.88,10
201832,3652,91.31,23
201832,1384,139.08,26
201832,3631,71.46,18
201832,737,178.77,32
201832,1356,79.16,16
201832,3134,49.64,9
201832,3925,188.83,33
201832,3679,85.46,15
201832,3643,71.64,12
201832,3673,77.62,15
201832,3139,99.28,18
201832,3636,264.23,47
201832,3937,67.55,12
201832,3462,85.57,15
201832,753,65.67,12
201832,3617,55.28,12
201832,3618,79.16,16
201832,3667,141,47
201832,793,59.37,12
201833,3151,72,24
201833,3652,141.67,45
201833,3677,62.18,11
201833,3639,56.21,10
201833,3643,35.82,6
201833,3132,74.12,13
201834,3149,62.09,11
201834,3151,148.16,26
201834,3652,216.81,73
201834,753,91.55,16
201834,3643,47.76,8
201834,3676,59.73,12
201834,763,40.96,8
201834,3140,14.38,3
201834,740,46.67,9
201834,3156,9.96,2
201835,3149,35.23,8
201835,3652,304.54,106
201835,3640,265.88,69
201835,3901,378.04,68
201835,3490,299.49,116
201835,3642,112.42,20
201835,3663,94.51,17
201835,3915,138.82,25
201835,1350,80.09,14
201835,3132,46.75,9
201835,3643,59.7,10
201835,3619,56.21,10
201835,1341,175.55,39
201835,3450,139.68,25
201836,3149,32.24,6
201836,3652,42.51,16
201836,3640,122.7,31
201836,3670,90.15,16
201836,3682,51.74,10
201836,288,74.12,13
201836,1341,95.54,22
201836,3631,105.47,19
201836,3646,35.76,8
201836,3643,113.43,19
201836,3666,91.54,16
201836,3490,12,6
201837,3643,65.67,11
201837,3673,91.56,16
201837,277,16.12,3
201838,3657,170.71,43
201838,3450,305.69,77
201838,3478,28.06,5
201838,3428,99.25,25
201839,3450,289.81,73
201839,3682,33.84,6
201839,3643,29.85,5
201840,3643,53.73,9
201841,1352,65.08,13
201841,3492,43.59,10
201841,3919,40,7
201841,760,56.12,10
201841,3643,29.85,5
201841,3456,28.06,5
201841,3646,68.64,12
201841,3124,25.76,5
201841,3463,32.24,6
201842,3472,45.97,8
201842,3682,56.22,10
201842,3461,55.61,10
201842,1350,102.52,18
201842,3492,44.18,8
201842,3933,22.09,4
201842,3493,81.37,15
201842,3467,28.86,6
201842,3456,34.63,7
201842,3643,29.85,5
201842,3126,36.85,7
201843,3653,119.43,21
201843,3131,99.52,18
201843,3919,44.78,9
201843,263,71.67,13
201843,3492,32.24,6
201843,3643,71.64,12
201843,3496,27.9,6
201843,3616,78.6,16
201844,293,95.31,17
201844,1376,70.67,13
201844,705,119.19,21
201844,3463,66.27,12
201844,3924,93.58,18
201844,3926,113.22,20
201844,3457,94.55,17
201844,3915,68.55,12
201844,3643,83.58,14
201844,3141,82.61,15
201844,3468,35.61,7
201844,3478,52.54,10
201844,740,95.31,17
201845,3658,16.12,3
201845,3492,34.63,7
201845,3642,67.68,12
201845,3643,47.76,8
201846,718,45.78,8
201846,3125,13.41,3
201846,3643,41.79,7
201846,3666,37.81,9
201846,3496,22.41,5
201846,3933,73.63,15
201847,3643,53.73,9
201848,743,55.72,10
201848,3113,91.54,16
201848,3467,73.44,15
201848,268,79.6,16
201848,3463,27.87,5
201848,1313,137.31,25
201848,3622,27.87,5
201848,3456,51.74,10
201848,3496,45.28,8
201848,3643,35.82,6
201848,3936,51.25,9
201848,3634,79.6,14
201849,1370,26.27,5
201849,3643,53.73,9
201850,3122,28.06,5
201850,1341,34.03,6
201850,3643,53.73,9
201850,3474,77.62,14
201851,3676,79.11,14
201851,1356,57.73,11
201851,3643,143.28,24
201852,3646,57.22,10
201852,3643,35.82,6
201901,3657,131.01,33
201901,3428,134.98,34
201901,1341,40,7
201901,3643,47.76,8
201901,3450,95.28,24
201901,3478,44.18,8
201902,3643,53.73,9
201902,3141,21.9,4
201902,3635,60.3,11
201903,3643,35.82,6
201903,1352,77.28,15
201903,3676,36.82,7
201904,3122,43.78,9
201904,3473,111.44,20
201904,3643,53.73,9
201904,3125,27.86,6
201904,3910,85.57,15
201904,3492,56.12,10
201905,3119,82.59,15
201905,3132,45.97,8
201905,3146,52.74,10
201905,3677,102,20
201905,3643,71.64,12
201906,3657,127.04,32
201906,3672,79.62,14
201906,3450,131.01,33
201906,3478,67.47,14
201906,3643,47.76,8
201906,3969,162.77,41
201906,3428,127.04,32
201907,3150,16.12,3
201907,1335,118.21,21
201907,3919,34.63,7
201907,1370,36.42,7
201907,3643,71.64,12
201908,3131,95.55,17
201908,3681,106.27,19
201908,3643,35.82,6
201909,3104,39.29,7
201909,3122,36.79,7
201909,3117,97.51,17
201909,291,61.69,11
201909,3622,28.06,5
201909,1341,79.6,14
201909,760,67.66,12
201909,3478,46.57,9
201909,3125,57.71,11
201909,763,34.03,6
201909,3643,47.76,8
201910,758,121.31,23
201910,3670,45.97,8
201910,3472,25.87,5
201910,3937,48.96,10
201910,3676,34.03,6
201910,3643,59.7,10
201911,744,33.79,7
201911,758,53.67,11
201911,3113,61.67,11
201911,3937,79.58,14
201911,3461,73.61,13
201911,3618,153.19,27
201911,3494,117.37,21
201911,760,87.54,16
201911,3679,153.19,27
201911,268,147.22,26
201911,3676,86.08,15
201911,1302,91.99,18
201911,3135,69.43,13
201911,3143,91.52,16
201911,3617,53.67,11
201911,1352,79.58,14
201911,1341,87.52,16
201911,1371,55.7,10
201911,3022,115.34,22
201911,1320,55.7,10
201911,3621,180.1,32
201911,3496,68.66,12
201911,3453,129.31,23
201911,3614,79.58,14
201911,273,49.73,9
201911,3646,59.64,12
201911,3462,87.52,16
201911,1326,43.76,8
201911,3643,47.76,8
201911,3109,49.75,9
201911,3682,55.64,12
201911,3490,65.61,13
201911,3915,105.43,19
201911,3126,97.49,17
201911,3673,63.64,12
201911,3141,87.52,16
201911,3635,81.55,15
201912,3473,81.59,15
201912,3676,54.73,10
201912,3643,89.55,15
201913,758,48.77,9
201913,3122,25.88,5
201913,3643,75.13,13
201913,3619,55.75,11
201913,3462,24.89,5
201914,1384,53.76,10
201914,3618,149.28,26
201914,3135,50.76,9
201914,3496,20.91,4
201914,3148,8.97,2
201914,3643,47.76,8
201914,3666,102.99,18
201914,3126,71.67,13
201914,3616,44.79,8
201914,3134,62.7,11
201915,3113,151.01,33
201915,3151,95.55,18
201915,1384,77.62,14
201915,3468,38.81,7
201915,3643,59.7,10
201915,1352,65.68,12
201915,1346,55.73,10
201915,1320,131.37,23
201915,3496,52.34,10
201915,3126,68.66,12
201916,3643,41.79,7
201917,1375,78.21,14
201917,3478,63.29,13
201917,3643,23.88,4
201918,3104,63.13,14
201918,3122,27.64,6
201918,3131,129.26,23
201918,770,133.37,25
201918,1384,89.55,17
201918,793,57.49,11
201918,3620,31.73,6
201918,3924,91.56,16
201918,3665,186.62,34
201918,3450,84.82,16
201918,3146,39.81,7
201918,1326,67.55,12
201918,3643,71.64,12
201918,3672,242.86,46
201918,3496,55.73,10
201919,3022,182.09,32
201919,3643,59.7,10
201920,3112,51.61,13
201920,743,103.22,26
201920,3149,51.61,13
201920,744,87.34,22
201920,704,508.16,128
201920,758,111.16,28
201920,3658,186.59,47
201920,3104,87.34,22
201920,3660,111.16,28
201920,3117,198.5,50
201920,3653,182.62,46
201920,3131,182.62,46
201920,3122,99.25,25
201920,3120,103.22,26
201920,3151,103.22,26
201920,3113,111.16,28
201920,3150,23.82,6
201920,3119,131.01,33
201920,3661,182.62,46
201920,3652,254.08,64
201920,3640,67.49,17
201920,1341,230.26,58
201920,3473,138.95,35
201920,3142,397,100
201920,1335,250.11,63
201920,3617,170.71,43
201920,289,206.44,52
201920,3622,71.46,18
201920,710,393.03,99
201920,275,158.8,40
201920,3679,91.31,23
201920,1371,190.56,48
201920,1320,258.05,65
201920,3919,55.58,14
201920,1384,103.22,26
201920,775,99.25,25
201920,3451,341.42,86
201920,266,186.59,47
201920,3680,87.34,22
201920,262,321.57,81
201920,1352,83.37,21
201920,3461,103.22,26
201920,3135,83.37,21
201920,3494,250.11,63
201920,3493,301.72,76
201920,1375,202.47,51
201920,3143,178.65,45
201920,3923,289.81,73
201920,1368,273.93,69
201920,1306,262.02,66
201920,3681,150.86,38
201920,3916,142.92,36
201920,730,603.44,152
201920,1356,87.34,22
201920,263,95.28,24
201920,3901,591.53,149
201920,3615,95.28,24
201920,1302,170.71,43
201920,3472,131.01,33
201920,3937,91.31,23
201920,3138,239.79,61
201920,3145,254.08,64
201920,1336,321.57,81
201920,3621,726.51,183
201920,268,234.23,59
201920,3467,131.01,33
201920,723,186.59,47
201920,3922,234.23,59
201920,3670,158.8,40
201920,3926,436.7,110
201920,293,361.27,91
201920,3492,103.22,26
201920,3644,71.46,18
201920,3618,258.05,65
201920,760,158.8,40
201920,770,186.59,47
201920,1350,150.86,38
201920,3631,154.83,39
201920,3907,138.95,35
201920,3662,95.28,24
201920,3477,111.16,28
201920,740,115.13,29
201920,1373,111.16,28
201920,3134,51.61,13
201920,3915,158.8,40
201920,3146,47.64,12
201920,3139,226.29,57
201920,273,99.25,25
201920,3643,87.34,22
201920,3152,51.61,13
201920,3636,262.02,66
201920,3465,123.07,31
201920,763,115.13,29
201920,3619,87.34,22
201920,796,119.1,30
201920,3456,115.13,29
201920,3478,99.25,25
201920,3614,55.58,14
201920,3480,194.53,49
201920,3659,59.55,15
201920,3925,329.51,83
201920,3620,154.83,39
201920,1394,138.95,35
201920,3666,115.13,29
201920,703,254.08,64
201920,3474,99.25,25
201920,3639,47.64,12
201920,3022,289.81,73
201920,3634,210.41,53
201920,1313,202.47,51
201920,3924,162.77,41
201920,3140,95.28,24
201920,1326,43.67,11
201920,3673,99.25,25
201920,3468,142.92,36
201920,3126,123.07,31
201920,3616,35.73,9
201920,3114,75.43,19
201920,1370,146.89,37
201920,3463,146.89,37
201920,705,87.34,22
201920,3676,218.35,55
201920,3457,150.86,38
201920,3642,83.37,21
201920,3682,87.34,22
201920,1312,182.62,46
201920,3476,194.53,49
201920,277,131.01,33
201920,3462,83.37,21
201920,1386,186.59,47
201920,291,250.11,63
201920,753,321.57,81
201920,1376,91.31,23
201920,3109,51.61,13
201920,3490,35.73,9
201920,737,158.8,40
201920,3141,317.6,80
201920,3668,43.67,11
201920,3623,63.52,16
201920,3133,150.86,38
201920,288,174.68,44
201920,3132,107.19,27
201920,3674,55.58,14
201920,3148,15.88,4
201920,3635,111.16,28
201920,3910,210.41,53
201920,3672,202.47,51
201920,3654,194.53,49
201920,3136,154.83,39
201920,3675,107.19,27
201920,793,79.4,20
201920,3663,119.1,30
201920,3664,500.22,126
201920,1399,246.14,62
201920,3933,428.76,108
201920,3156,55.58,14
201920,3646,51.61,13
201920,3665,190.56,48
201920,3667,51.61,13
201920,1346,131.01,33
201920,3125,107.19,27
201920,3677,134.98,34
201920,3496,55.58,14
201920,3453,293.78,74
201920,270,103.22,26
201920,3936,99.25,25
201921,758,106.49,19
201921,3658,103.48,18
201921,3643,47.76,8
201921,3619,41.79,8
201921,3496,80.61,15
201921,3473,210.79,41
201921,737,147.28,26
201921,1350,111.34,22
201921,3621,309.69,77
201921,3926,241.38,54
201921,3145,202.91,103
201921,1346,63.55,15
201921,3933,488.31,123
201921,730,345.39,87
201921,288,146.89,37
201921,1399,202.47,51
201922,3145,143.22,26
201922,730,559.77,141
201922,3926,205.62,46
201922,3643,23.88,4
201923,3104,68.55,12
201923,3653,68.55,12
201923,3494,143.07,25
201923,3926,192.21,43
201923,730,254.08,64
201923,3022,101.28,18
201923,3643,59.7,10
201923,3152,26.76,5
201923,3668,62.58,11
201923,3156,20.79,4
201923,1336,149.04,26
201923,3477,95.31,17
201924,1384,91.56,16
201924,1341,63.64,12
201924,3493,75.64,14
201924,3141,135.3,24
201924,3490,113.43,20
201924,3926,160.92,36
201924,1336,183.1,32
201924,3643,101.49,17
201924,730,164.95,35
201925,3494,107.45,19
201925,760,124.4,22
201925,1336,171.18,32
201925,3937,58.73,11
201925,1384,93.55,17
201925,723,81.61,15
201925,262,99.5,18
201925,3616,35.81,7
201925,3126,28.88,6
201925,1376,97.52,17
201925,3668,68.68,14
201925,3139,111.43,20
201925,3643,47.76,8
201925,3646,2.97,1
201925,3674,43.78,8
201925,3496,35.81,7
201926,3652,171.14,30
201926,1313,47.73,9
201926,289,86.07,15
201926,1384,56.7,10
201926,3682,56.73,10
201926,718,62.69,11
201926,3643,59.7,10
201926,277,74.63,13
201926,3139,124.25,25
201927,704,235.85,43
201927,3131,145.66,28
201927,3652,97.19,17
201927,293,285.6,50
201927,1336,200.35,35
201927,3618,185.78,34
201927,3615,92.89,17
201927,3494,201.06,38
201927,1384,98.86,18
201927,3467,112.47,21
201927,3616,114.39,24
201927,3925,278.67,51
201927,796,114.14,22
201927,3450,126.36,22
201927,1313,116.77,21
201927,3136,98.86,18
201927,3643,95.52,16
201927,3125,80.95,15
201927,277,58.74,12
201927,3642,103.16,18
201927,703,122.74,22
201927,3134,121.78,24
201927,3679,326.43,59
201927,3478,55.4,10
201927,3664,376.82,66
201927,3659,91.22,16
201927,3463,100.53,19
201927,1312,227.57,41
201927,3139,94.19,17
201928,1384,111.44,20
201928,3933,141.29,25
201928,3478,51.23,10
201928,3643,41.79,7
201929,3467,108.45,19
201929,3668,74.3,13
201929,3462,92.55,17
201929,3494,159.17,29
201929,3614,57.21,10
201930,3112,102.81,23
201930,743,98.34,22
201930,3149,44.7,10
201930,744,75.99,17
201930,704,201.15,45
201930,758,84.93,19
201930,3104,53.64,12
201930,3660,40.23,9
201930,3658,40.23,9
201930,3653,67.05,15
201930,3122,84.93,19
201930,3131,80.46,18
201930,3120,75.99,17
201930,3117,67.05,15
201930,3113,75.99,17
201930,3151,35.76,8
201930,3119,80.46,18
201930,3150,49.17,11
201930,3661,49.17,11
201930,3652,111.75,25
201930,3640,107.28,24
201930,3668,55.17,13
201930,3663,58.11,13
201930,275,138.57,31
201930,3665,125.16,28
201930,3463,84.93,19
201930,3615,53.64,12
201930,3922,254.79,57
201930,3681,62.58,14
201930,3919,40.23,9
201930,3925,384.42,86
201930,775,84.93,19
201930,3616,35.76,8
201930,1335,162.45,37
201930,710,227.97,51
201930,1384,77.5,18
201930,288,86.44,20
201930,3672,49.17,11
201930,3937,75.99,17
201930,3135,44.7,10
201930,3639,49.17,11
201930,3467,92.39,21
201930,1341,116.22,26
201930,3907,125.16,28
201930,3451,227.97,51
201930,3622,40.23,9
201930,1350,93.87,21
201930,262,156.45,35
201930,3664,211.13,47
201930,3461,98.34,22
201930,3457,99.85,23
201930,3152,53.64,12
201930,740,102.81,23
201930,3617,26.82,6
201930,3146,71.52,16
201930,3636,201.15,45
201930,3933,178.8,40
201930,1346,111.75,25
201930,3618,169.86,38
201930,770,93.87,21
201930,1370,134.1,30
201930,3679,254.79,57
201930,3138,53.64,12
201930,1302,120.69,27
201930,3680,89.4,20
201930,3631,84.93,19
201930,1375,241.38,54
201930,3145,120.69,27
201930,3923,160.92,36
201930,723,75.99,17
201930,3916,58.11,13
201930,796,95.4,22
201930,3494,107.28,24
201930,3493,53.64,12
201930,3022,227.97,51
201930,1386,125.16,28
201930,1320,80.46,18
201930,737,62.58,14
201930,266,263.73,59
201930,1312,187.74,42
201930,3143,111.75,25
201930,3675,89.4,20
201930,1352,80.46,18
201930,760,102.81,23
201930,3676,129.63,29
201930,3910,169.86,38
201930,1306,111.75,25
201930,268,107.28,24
201930,730,165.39,37
201930,3682,35.76,8
201930,3476,102.81,23
201930,1336,196.68,44
201930,3472,120.69,27
201930,3462,71.52,16
201930,1356,62.58,14
201930,263,84.93,19
201930,1371,156.45,35
201930,3901,344.19,77
201930,3621,120.69,27
201930,289,98.34,22
201930,293,169.86,38
201930,3492,89.4,20
201930,3142,196.68,44
201930,3926,151.98,34
201930,3670,210.09,47
201930,793,62.58,14
201930,1313,49.17,11
201930,3473,143.04,32
201930,3677,71.52,16
201930,1368,232.44,52
201930,3644,49.17,11
201930,3623,101.33,23
201930,3133,40.23,9
201930,3614,67.05,15
201930,3478,31.29,7
201930,3474,67.05,15
201930,3156,58.11,13
201930,705,138.57,31
201930,3620,89.4,20
201930,1373,107.28,24
201930,273,102.81,23
201930,3132,17.88,4
201930,3662,49.17,11
201930,3125,35.76,8
201930,3646,22.35,5
201930,3477,84.93,19
201930,703,107.28,24
201930,3642,61.1,14
201930,3673,80.46,18
201930,3667,49.17,11
201930,3453,143.04,32
201930,3924,58.11,13
201930,3496,17.88,4
201930,3659,54.09,13
201930,1326,93.87,21
201930,3635,84.93,19
201930,3666,110.28,25
201930,3148,71.52,16
201930,291,165.39,37
201930,3139,102.81,23
201930,3490,58.11,13
201930,3654,138.57,31
201930,3674,40.23,9
201930,3468,80.46,18
201930,3936,35.76,8
201930,3141,67.05,15
201930,3465,93.87,21
201930,3114,102.81,23
201930,3136,111.75,25
201930,3134,40.23,9
201930,718,58.11,13
201930,277,67.05,15
201930,270,102.81,23
201930,1376,71.52,16
201930,3109,31.29,7
201930,763,111.75,25
201930,753,93.87,21
201930,3915,107.28,24
201930,3634,93.87,21
201930,1394,107.28,24
201930,3456,84.93,19
201931,3660,71.52,16
201931,3113,68.58,13
201931,3682,73.43,13
201931,3659,50.15,9
201932,3113,117.41,21
201932,3150,49.75,9
201932,3910,135.32,24
201932,1341,85.57,17
201932,3673,99.5,18
201932,3623,73.63,13
201932,3614,63.68,12
201932,3682,75.62,14
201932,3462,125.37,25
201933,1384,116.37,21
201933,3461,40,7
201933,3621,89.52,16
201933,1350,51.25,9
201933,3676,50.73,9
201933,3936,50.73,9
201933,3453,152.19,27
201933,3109,56.7,10
201933,3623,119.37,21
201933,3666,170.16,30
201933,3462,102.39,18
201934,3112,177.77,41
201934,743,189.09,47
201934,3149,119.1,30
201934,744,115.13,29
201934,704,730.63,179
201934,758,127.04,32
201934,3658,162.77,41
201934,3660,96.31,23
201934,3104,103.22,26
201934,3131,142.48,34
201934,3122,101.75,25
201934,3117,189.63,47
201934,3653,201.15,45
201934,3120,91.31,23
201934,3151,134.54,32
201934,3113,79.4,20
201934,3661,67.05,15
201934,3119,97.78,24
201934,3652,244.67,61
201934,3150,132.04,32
201934,3640,174.68,44
201934,3926,268.49,67
201934,3670,220.85,55
201934,293,493.31,123
201934,1335,202.54,49
201934,710,270.55,65
201934,3451,399.5,100
201934,3138,145.42,36
201934,3644,91.31,23
201934,263,119.1,30
201934,3145,327.6,80
201934,275,72.49,17
201934,3663,145.42,36
201934,3631,146.89,37
201934,1302,201,50
201934,3621,88.37,21
201934,3922,240.7,60
201934,723,224.82,56
201934,3664,647.75,159
201934,3679,821.35,205
201934,1368,335.54,82
201934,3143,121.6,30
201934,1320,160.42,36
201934,1384,100.28,24
201934,3493,359.36,88
201934,760,228.79,57
201934,1350,249.13,63
201934,1336,355.83,89
201934,3617,83.37,21
201934,3919,86.9,20
201934,3142,388.62,96
201934,3681,224.81,57
201934,3467,115.13,29
201934,266,256.63,63
201934,268,126.06,32
201934,289,149.39,37
201934,3472,273.93,69
201934,1352,107.19,27
201934,3680,78.96,18
201934,1341,136.01,33
201934,3901,429.35,105
201934,3923,244.67,61
201934,3492,101.75,25
201934,3907,153.36,38
201934,1375,260.55,65
201934,1356,46.17,11
201934,3937,131.6,30
201934,262,75.43,19
201934,3461,108.22,26
201934,3618,117.63,29
201934,770,152.87,39
201934,3665,242.76,58
201934,3473,189.75,42
201934,775,113.22,26
201934,3615,99.25,25
201934,3135,104.25,25
201934,3916,142.92,36
201934,1371,165.27,41
201934,3622,73.96,18
201934,3494,294.96,68
201934,730,312.75,75
201934,3676,205.02,50
201934,1306,647.7,160
201934,3453,203.99,51
201934,793,111.16,28
201934,291,256.58,64
201934,3490,184.68,44
201934,3139,141.45,35
201934,3156,67.49,17
201934,1399,365.83,89
201934,3924,169.24,42
201934,3933,462.58,114
201934,3672,73.96,18
201934,753,107.19,27
201934,277,97.78,24
201934,3476,67.49,17
201934,718,91.31,23
201934,3125,55.58,14
201934,3677,1078.52,266
201934,3462,85.87,21
201934,3646,73.96,18
201934,3639,55.58,14
201934,3915,129.54,32
201934,3474,139.98,34
201934,3635,162.33,39
201934,3616,166.74,42
201934,3614,84.4,20
201934,3478,159.9,37
201934,3668,50.14,12
201934,3642,169.24,42
201934,1370,335.98,84
201934,3152,75.43,19
201934,3133,233.79,57
201934,3667,127.04,32
201934,3468,138.95,35
201934,3114,309.22,76
201934,1386,75.43,19
201934,3682,235.26,58
201934,705,295.84,72
201934,3463,159.83,39
201934,3146,101.26,26
201934,3456,119.1,30
201934,796,87.34,22
201934,3022,281.43,68
201934,3132,95.28,24
201934,1312,260.55,65
201934,3654,230.25,59
201934,3910,130.59,35
201934,3666,154.83,39
201934,3674,63.52,16
201934,740,134.98,34
201934,3465,161.45,35
201934,273,71.46,18
201934,3673,341.42,86
201934,3134,71.46,18
201934,3141,80.43,19
201934,3662,83.37,21
201934,3477,103.22,26
201934,1376,62.05,15
201934,3109,138.95,35
201934,3675,96.31,23
201934,288,71.46,18
201934,3623,142.92,36
201934,3136,163.8,40
201934,1326,67.49,17
201934,270,199.53,49
201934,3496,55.58,14
201934,3936,87.34,22
201934,3636,290.84,72
201934,703,355.93,87
201934,3457,166.3,40
201934,3634,233.79,57
201934,1313,88.86,22
201934,3126,81.9,20
201934,3619,73.96,18
201934,3480,373.18,94
201934,1373,87.34,22
201934,3620,124.1,30
201934,3925,237.76,58
201934,737,228.85,57
201934,3659,15.88,4
201934,1346,127.04,32
201934,763,224.82,56
201934,3148,80.43,19
201934,3140,42.2,10
201934,1394,138.95,35
201935,3112,79.52,16
201935,743,74.55,15
201935,3149,24.85,5
201935,704,328.02,66
201935,758,84.49,17
201935,3658,94.43,19
201935,3104,84.49,17
201935,3660,89.46,18
201935,3653,134.19,27
201935,3122,119.77,26
201935,3117,99.4,20
201935,3131,74.55,15
201935,3120,19.88,4
201935,3151,59.64,12
201935,3113,49.7,10
201935,3119,84.49,17
201935,3652,104.37,21
201935,3661,84.49,17
201935,3150,114.31,23
201935,3640,149.77,41
201935,3631,104.37,21
201935,293,139.16,28
201935,3138,54.67,11
201935,1371,139.16,28
201935,3901,159.04,32
201935,3916,89.46,18
201935,3142,154.07,31
201935,3937,49.7,10
201935,3919,29.82,6
201935,3622,74.55,15
201935,275,84.49,17
201935,3143,49.7,10
201935,3907,89.46,18
201935,263,65.11,14
201935,710,332.99,67
201935,1384,84.49,17
201935,3135,99.4,20
201935,268,89.46,18
201935,266,193.83,39
201935,3923,129.22,26
201935,3922,213.71,43
201935,289,79.52,16
201935,3926,164.01,33
201935,3621,84.49,17
201935,262,49.7,10
201935,1375,308.14,62
201935,3145,183.89,37
201935,1399,253.47,51
201935,3924,84.49,17
201935,3680,59.64,12
201935,3936,19.88,4
201935,3668,69.58,14
201935,775,94.43,19
201935,3477,74.55,15
201935,3662,54.67,11
201935,3463,104.37,21
201935,705,119.28,24
201935,1341,144.13,29
201935,3670,208.74,42
201935,3152,34.79,7
201935,3642,14.91,3
201935,3457,124.25,25
201935,3136,124.25,25
201935,3644,59.64,12
201935,1370,188.86,38
201935,3125,49.7,10
201935,3664,462.21,93
201935,3615,94.43,19
201935,3478,79.52,16
201935,3674,34.79,7
201935,3126,59.64,12
201935,1376,74.55,15
201935,3616,29.82,6
201935,3148,29.82,6
201935,3665,134.19,27
201935,3140,44.73,9
201935,1346,139.16,28
201935,3667,54.67,11
201935,3618,124.25,25
201935,770,134.19,27
201935,3933,103.22,26
201935,3492,94.43,19
201935,3451,367.78,74
201935,3639,69.58,14
201935,1313,109.34,22
201935,3634,104.37,21
201935,3677,1611.08,544
201935,3663,357.3,90
201935,3614,94.43,19
201935,3496,39.76,8
201935,3132,37.7,10
201935,1350,104.37,21
201935,3620,74.55,15
201935,3925,124.25,25
201935,3474,79.52,16
201935,3915,89.46,18
201935,3623,104.37,21
201935,740,89.46,18
201935,3114,69.58,14
201935,3468,129.22,26
201935,3659,64.61,13
201935,3476,164.01,33
201935,718,79.52,16
201935,3681,193.83,39
201935,1356,54.67,11
201935,3682,297.75,75
201935,796,39.76,8
201935,1312,149.1,30
201935,3156,39.76,8
201935,3646,52.52,16
201935,3462,69.58,14
201935,753,119.28,24
201935,277,75.05,16
201935,3456,114.31,23
201935,1320,94.43,19
201935,3133,178.92,36
201935,1302,178.92,36
201935,3636,173.95,35
201935,3146,74.55,15
201935,3675,59.64,12
201935,3473,129.22,26
201935,3672,84.49,17
201935,3453,39.76,8
201935,1335,129.22,26
201935,730,173.95,35
201935,3676,144.13,29
201935,1306,233.59,47
201935,703,193.83,39
201935,3472,84.49,17
201935,763,124.25,25
201935,273,114.31,23
201935,3643,79.52,16
201935,3679,162.95,35
201935,793,49.7,10
201935,3467,84.49,17
201935,291,89.46,18
201935,3139,109.34,22
201935,3490,134.19,27
201935,723,84.49,17
201935,1386,69.58,14
201935,3465,19.88,4
201935,3666,69.58,14
201935,3617,84.49,17
201935,1394,39.76,8
201935,737,129.22,26
201935,3673,233.47,51
201935,3493,262.02,66
201935,3022,139.16,28
201935,1352,79.52,16
201935,3134,69.58,14
201935,3461,74.55,15
201935,3494,154.07,31
201935,3141,144.13,29
201935,3910,79.52,16
201935,1336,159.04,32
201935,270,109.34,22
201935,760,84.49,17
201935,3109,79.52,16
201935,1326,39.76,8
201935,3635,64.61,13
201935,3619,39.76,8
201935,1368,183.89,37
201936,3112,64.61,13
201936,743,84.49,17
201936,3149,44.73,9
201936,744,69.58,14
201936,704,238.56,48
201936,758,64.61,13
201936,3658,79.52,16
201936,3660,74.55,15
201936,3104,9.94,2
201936,3131,139.17,31
201936,3122,84.63,24
201936,3117,134.19,27
201936,3653,104.37,21
201936,3113,78.53,17
201936,3151,84.49,17
201936,3120,19.88,4
201936,3652,99.4,20
201936,3150,14.91,3
201936,3119,69.58,14
201936,3661,59.64,12
201936,3640,89.46,18
201936,3494,173.95,35
201936,293,168.98,34
201936,3933,146.89,37
201936,3492,64.61,13
201936,3644,49.7,10
201936,3672,69.58,14
201936,1370,154.07,31
201936,3152,41.75,9
201936,3457,133.7,29
201936,3916,104.37,21
201936,3665,124.25,25
201936,3462,49.7,10
201936,3133,98.41,21
201936,288,63.62,14
201936,1302,134.19,27
201936,3925,119.28,24
201936,775,64.61,13
201936,710,99.4,20
201936,3146,74.55,15
201936,3636,134.19,27
201936,3670,467.18,94
201936,3926,168.98,34
201936,3621,49.7,10
201936,268,59.64,12
201936,3467,89.46,18
201936,1375,134.19,27
201936,263,54.67,11
201936,3646,69.58,14
201936,3639,49.7,10
201936,1306,124.25,25
201936,3901,124.25,25
201936,760,123.26,26
201936,1336,202.68,41
201936,3910,121.78,25
201936,3617,59.64,12
201936,3924,94.43,19
201936,3923,144.13,29
201936,3143,64.61,13
201936,1312,129.22,26
201936,1368,198.8,40
201936,723,49.7,10
201936,3922,94.43,19
201936,3022,129.22,26
201936,796,24.85,5
201936,1320,89.46,18
201936,1371,139.16,28
201936,3468,99.4,20
201936,3114,119.28,24
201936,3461,64.61,13
201936,262,9.94,2
201936,3937,79.52,16
201936,3681,129.22,26
201936,3682,113.22,26
201936,291,168.98,34
201936,793,54.67,11
201936,266,164.01,33
201936,3615,74.55,15
201936,3622,84.49,17
201936,1350,128.23,27
201936,3132,54.67,11
201936,3907,89.46,18
201936,3919,28.29,6
201936,3676,99.4,20
201936,3493,234.23,59
201936,3473,134.19,27
201936,3663,367.78,74
201936,3463,79.52,16
201936,3134,128.13,26
201936,740,81.51,17
201936,3668,114.31,23
201936,730,263.41,53
201936,3145,114.31,23
201936,1386,69.58,14
201936,1384,54.67,11
201936,1313,54.67,11
201936,273,114.31,23
201936,3472,94.43,19
201936,3675,94.43,19
201936,1341,49.7,10
201936,3136,139.16,28
201936,3474,24.85,5
201936,3915,129.22,26
201936,275,39.76,8
201936,3680,104.37,21
201936,770,99.4,20
201936,3618,160.04,34
201936,3664,298.2,60
201936,3631,129.22,26
201936,737,91.45,19
201936,1346,79.52,16
201936,1335,208.74,42
201936,3476,29.82,6
201936,277,34.79,7
201936,3679,243.53,49
201936,3138,74.55,15
201936,1356,64.61,13
201936,3135,109.34,22
201936,3677,1982.19,627
201936,3142,149.1,30
201936,3451,283.29,57
201936,289,109.34,22
201936,1352,59.64,12
201936,3490,44.73,9
201936,3623,156.06,32
201936,718,65.07,14
201936,3156,24.85,5
201936,270,119.28,24
201936,3126,35.79,9
201936,3659,34.79,7
201936,3666,67.6,16
201936,1394,4.97,1
201936,3140,109.34,22
201936,3456,104.37,21
201936,3148,59.64,12
201936,703,116.3,24
201936,3139,89.46,18
201936,3643,149.1,30
201936,3465,4.97,1
201936,3635,44.73,9
201936,3496,26.84,6
201936,3620,89.46,18
201936,3478,54.67,11
201936,3614,91.45,19
201936,705,159.04,32
201936,3634,124.25,25
201936,3619,38.23,8
201936,3480,114.31,23
201936,1399,109.34,22
201936,3673,305.28,70
201936,763,94.43,19
201936,1376,69.58,14
201936,3109,89.46,18
201936,3662,44.73,9
201936,1326,24.85,5
201936,3667,74.55,15
201936,3936,94.43,19
201936,3141,56.66,12
201936,3125,49.7,10
201936,753,4.97,1
201936,3477,74.55,15
201936,3674,34.83,7
201937,3122,124.25,25
201937,3493,150.86,38
201937,760,55.76,10
201937,3677,778.67,261
201937,3673,179.09,35
201937,3933,150.86,38
201937,703,138.57,31
201937,3668,224.59,46
201938,3122,130.68,44
201938,3493,55.58,14
201938,1341,160.54,32
201938,703,94.46,18
201938,3614,45.81,9
201938,3668,233,50
201938,3933,134.69,27
201938,1399,144.29,25
201938,3673,131.1,30
201938,3677,330.73,109
201939,3122,139.59,47
201939,3668,233,50
201939,1341,112.9,23
201939,3677,217.87,71
201939,1399,111.29,19
201939,3673,126.33,29
201940,3122,5.94,2
201940,703,183.99,54
201940,1341,247.87,49
201940,3673,200.34,42
201941,3640,90.58,15
201941,3668,42.2,13
201941,3673,121.72,48
201942,3112,56.17,11
201942,743,101.93,19
201942,3149,37.79,7
201942,744,82.52,16
201942,704,166.54,32
201942,758,46.23,9
201942,3658,87.02,16
201942,3104,26.35,5
201942,3660,39.29,7
201942,3117,82.52,16
201942,3131,87.02,16
201942,3122,51.17,11
201942,3653,189.98,34
201942,3151,34.32,6
201942,3113,88.05,15
201942,3120,21.38,4
201942,3652,74.08,14
201942,3661,67.61,13
201942,3150,114.87,21
201942,3640,67.61,13
201942,3143,79.05,15
201942,3152,31.32,6
201942,3457,76.05,15
201942,1370,76.05,15
201942,793,93.49,17
201942,268,62.64,12
201942,3472,16.41,3
201942,1341,136.59,30
201942,710,87.49,17
201942,3622,41.26,8
201942,262,75.58,14
201942,3461,41.26,8
201942,1335,65.11,13
201942,1384,84.54,16
201942,3907,329.05,65
201942,3680,55.23,9
201942,293,87.02,16
201942,3492,42.76,8
201942,3933,103.43,19
201942,1302,97.43,19
201942,3668,24.85,5
201942,3916,86.55,15
201942,3679,173.01,33
201942,3621,64.61,13
201942,3910,261.53,49
201942,760,69.11,13
201942,3901,118.34,22
201942,266,129.78,24
201942,3677,44.26,8
201942,1356,41.26,8
201942,3493,77.55,15
201942,3022,72.58,14
201942,1371,136.25,25
201942,723,49.7,10
201942,3922,102.96,18
201942,3665,95.46,18
201942,3138,49.7,10
201942,289,106.43,19
201942,1352,55.7,10
201942,3135,26.35,5
201942,3925,202.45,35
201942,775,47.7,9
201942,1375,70.14,12
201942,3476,9.94,2
201942,1306,211.27,41
201942,1350,67.61,13
201942,1368,83.55,15
201942,3923,111.87,21
201942,3663,116.84,22
201942,3451,114.87,21
201942,1320,54.2,10
201942,3639,45.76,8
201942,3676,54.2,10
201942,730,179.01,33
201942,3644,39.29,7
201942,3618,162.6,30
201942,3681,44.26,8
201942,3142,61.14,12
201942,3937,44.26,8
201942,3467,44.26,8
201942,3672,31.32,6
201942,770,158.66,28
201942,3919,26.32,5
201942,3664,160.07,31
201942,263,82.52,16
201942,3615,42.29,7
201942,3631,136.72,26
201942,3675,78.58,14
201942,3670,117.87,21
201942,3926,152.66,28
201942,3494,142.72,26
201942,3145,88.52,16
201942,288,46.23,9
201942,3636,94.48,18
201942,3146,59.17,11
201942,3617,32.82,6
201942,275,34.32,6
201942,3473,24.85,5
201942,1312,52.7,10
201942,3682,44.26,8
201942,3654,68.64,12
201942,3642,60.2,10
201942,3453,94.43,19
201942,763,34.32,6
201942,273,78.58,14
201942,3463,55.46,14
201942,737,102.96,18
201942,3049,74.08,14
201942,703,69.11,13
201942,1313,87.49,17
201942,3662,54.2,10
201942,3477,64.14,12
201942,3141,111.4,20
201942,3480,110.93,19
201942,1373,54.2,10
201942,3619,42.29,7
201942,1394,37.79,7
201942,3140,93.49,17
201942,3643,101.46,18
201942,3465,49.23,9
201942,740,83.55,15
201942,3126,75.58,14
201942,3673,67.61,13
201942,3674,47.73,9
201942,3634,93.96,18
201942,3134,41.26,8
201942,705,95.46,18
201942,277,40.79,7
201942,718,29.35,5
201942,3616,45.76,8
201942,3156,41.26,8
201942,3646,54.2,10
201942,3132,39.76,8
201942,3478,39.76,8
201942,3614,34.32,6
201942,3666,76.61,13
201942,3924,72.58,14
201942,1399,164.57,31
201942,3456,47.26,8
201942,3496,11.44,2
201942,3659,39.29,7
201942,3133,182.95,35
201942,3623,80.58,16
201942,3468,106.9,20
201942,3114,54.2,10
201942,3915,27.85,5
201942,1386,24.85,5
201942,1346,69.11,13
201942,753,83.55,15
201942,3462,42.76,8
201942,3125,17.91,3
201942,291,105.4,20
201942,3490,54.2,10
201942,3139,59.64,12
201942,3936,120.31,23
201942,3136,77.55,15
201942,3667,74.08,14
201942,3635,119.84,22
201942,3474,67.58,13
201942,3620,87.02,16
201942,1376,46.23,9
201943,3112,69.58,14
201943,743,124.25,25
201943,3149,79.52,16
201943,744,109.34,22
201943,704,263.41,53
201943,758,73.57,15
201943,3104,69.58,14
201943,3660,44.73,9
201943,3658,58.14,12
201943,3122,64.58,14
201943,3117,203.77,41
201943,3653,139.16,28
201943,3131,54.67,11
201943,3151,64.61,13
201943,3113,74.55,15
201943,3120,39.76,8
201943,3661,119.28,24
201943,3652,114.31,23
201943,3150,119.28,24
201943,3119,9.94,2
201943,3640,79.52,16
201943,3135,39.76,8
201943,1384,128.24,26
201943,1371,168.98,34
201943,1375,34.79,7
201943,3919,43.2,9
201943,3478,94.37,21
201943,3663,168.98,34
201943,3614,49.7,10
201943,718,29.82,6
201943,775,28.29,6
201943,3666,129.22,26
201943,1394,69.58,14
201943,3617,59.64,12
201943,3615,89.46,18
201943,3125,19.88,4
201943,3664,397.6,80
201943,3923,198.8,40
201943,1335,101.87,21
201943,3049,94.43,19
201943,710,144.13,29
201943,3453,109.34,22
201943,793,84.49,17
201943,740,94.43,19
201943,3659,44.73,9
201943,3145,89.46,18
201943,3635,104.37,21
201943,3901,144.13,29
201943,3451,124.25,25
201943,3673,94.43,19
201943,3924,104.37,21
201943,266,173.95,35
201943,273,124.25,25
201943,763,34.79,7
201943,3114,59.64,12
201943,3022,164.01,33
201943,3679,328.02,66
201943,3472,44.73,9
201943,3682,54.67,11
201943,3465,64.61,13
201943,703,154.07,31
201943,3467,74.55,15
201943,268,129.22,26
201943,796,14.91,3
201943,291,139.16,28
201943,3490,49.7,10
201943,3492,89.46,18
201943,3933,144.13,29
201943,293,203.77,41
201943,3922,109.34,22
201943,3634,129.22,26
201943,3156,74.55,15
201943,3936,104.37,21
201943,3636,207.76,42
201943,277,64.61,13
201943,1326,19.88,4
201943,263,69.58,14
201943,753,104.37,21
201943,3462,64.61,13
201943,262,94.43,19
201943,3461,69.58,14
201943,3139,129.22,26
201943,3680,49.7,10
201943,3473,84.49,17
201943,3631,154.07,31
201943,3141,84.49,17
201943,737,143.15,29
201943,3146,74.55,15
201943,3654,69.58,14
201943,1399,203.77,41
201943,3916,109.34,22
201943,3620,124.25,25
201943,3925,164.01,33
201943,723,134.19,27
201943,1386,64.61,13
201943,3674,89.46,18
201943,3677,45.23,10
201943,3138,114.31,23
201943,1356,59.64,12
201943,760,89.46,18
201943,3910,293.23,59
201943,1370,129.22,26
201943,3152,24.85,5
201943,3457,158.06,32
201943,3642,29.82,6
201943,3136,119.28,24
201943,3496,19.88,4
201943,3142,109.34,22
201943,3623,134.19,27
201943,3493,164.01,33
201943,1312,84.49,17
201943,705,178.92,36
201943,770,233.59,47
201943,3140,124.25,25
201943,3494,248.5,50
201943,1368,79.52,16
201943,3665,99.4,20
201943,3616,64.61,13
201943,3463,42.75,11
201943,3662,104.37,21
201943,730,268.38,54
201943,3643,124.25,25
201943,3143,119.28,24
201943,3474,87.93,18
201943,275,59.64,12
201943,3675,54.67,11
201943,1350,109.34,22
201943,3132,89.46,18
201943,3622,89.46,18
201943,1306,397.6,80
201943,3676,89.46,18
201943,3639,39.76,8
201943,3477,104.37,21
201943,1313,159.04,32
201943,1373,89.46,18
201943,3148,19.88,4
201943,1341,61.14,15
201943,1376,84.49,17
201943,3480,178.92,36
201943,1346,74.55,15
201943,3667,94.43,19
201943,3618,208.74,42
201943,3134,79.52,16
201943,1352,74.55,15
201943,289,139.16,28
201943,1320,124.25,25
201943,3456,19.88,4
201943,3681,54.67,11
201943,1336,83,17
201943,3668,84.49,17
201943,3619,29.82,6
201943,3644,64.61,13
201943,3646,89.46,18
201943,3468,144.13,29
201943,3670,112.82,23
201943,3621,109.34,22
201943,3926,243.53,49
201943,3476,34.79,7
201943,3907,347.9,70
201943,3915,99.4,20
201943,3126,114.31,23
201943,3937,49.7,10
201943,3133,228.62,46
201943,1302,124.25,25
201943,288,64.61,13
201943,3672,64.61,13
201944,1346,34.79,7
201944,1306,308.14,62
201944,1341,47.88,8
201944,3493,198.8,40
201944,3670,31.06,6
201945,3120,9.06,2
201945,3670,104.18,20
201945,3619,23.94,4
201945,3618,151.61,25
201945,1341,27.18,6
201945,1306,233.59,47
201945,3682,48.79,8
201945,3622,35.85,6
