"city","zip","beds","baths","sqft","type","price","latitude","longitude"
"SACRAMENTO","z95838",2,1,836,"Residential",59222,38.631913,-121.434879
"SACRAMENTO","z95823",3,1,1167,"Residential",68212,38.478902,-121.431028
"SACRAMENTO","z95815",2,1,796,"Residential",68880,38.618305,-121.443839
"SACRAMENTO","z95815",2,1,852,"Residential",69307,38.616835,-121.439146
"SACRAMENTO","z95824",2,1,797,"Residential",81900,38.51947,-121.435768
"SACRAMENTO","z95841",3,1,1122,"Condo",89921,38.662595,-121.327813
"SACRAMENTO","z95842",3,2,1104,"Residential",90895,38.681659,-121.351705
"SACRAMENTO","z95820",3,1,1177,"Residential",91002,38.535092,-121.481367
"RANCHO_CORDOVA","z95670",2,2,941,"Condo",94905,38.621188,-121.270555
"RIO_LINDA","z95673",3,2,1146,"Residential",98937,38.700909,-121.442979
"SACRAMENTO","z95838",3,2,909,"Residential",100309,38.637663,-121.45152
"SACRAMENTO","z95823",3,2,1289,"Residential",106250,38.470746,-121.458918
"SACRAMENTO","z95815",1,1,871,"Residential",106852,38.618698,-121.435833
"SACRAMENTO","z95822",3,1,1020,"Residential",107502,38.482215,-121.492603
"SACRAMENTO","z95842",2,2,1022,"Residential",108750,38.672914,-121.35934
"SACRAMENTO","z95842",2,2,1134,"Condo",110700,38.700051,-121.351278
"RIO_LINDA","z95673",2,1,844,"Residential",113263,38.689591,-121.452239
"CITRUS_HEIGHTS","z95621",2,1,795,"Condo",116250,38.679776,-121.314089
"SACRAMENTO","z95833",2,1,588,"Residential",120000,38.612099,-121.469095
"RIO_LINDA","z95673",3,2,1356,"Residential",121630,38.689999,-121.46322
"CITRUS_HEIGHTS","z95621",3,2,1118,"Residential",122000,38.707851,-121.320707
"SACRAMENTO","z95823",4,2,1329,"Residential",122682,38.468173,-121.444071
"NORTH_HIGHLANDS","z95660",4,2,1240,"Residential",123000,38.702792,-121.38221
"SACRAMENTO","z95834",3,2,1601,"Residential",124100,38.628631,-121.488097
"NORTH_HIGHLANDS","z95660",3,2,901,"Residential",125000,38.701499,-121.37622
"ANTELOPE","z95843",3,2,1088,"Residential",126640,38.70974,-121.37377
"SACRAMENTO","z95820",3,1,963,"Residential",127281,38.537526,-121.478315
"SACRAMENTO","z95832",3,2,1119,"Residential",129000,38.476472,-121.501711
"SACRAMENTO","z95827",4,2,1380,"Residential",131200,38.558423,-121.327948
"SACRAMENTO","z95828",3,2,1248,"Residential",132000,38.472122,-121.404199
"ELK_GROVE","z95758",2,2,1039,"Condo",133000,38.423251,-121.444489
"NORTH_HIGHLANDS","z95660",3,2,1152,"Residential",134555,38.691161,-121.37192
"SACRAMENTO","z95827",3,2,1380,"Residential",136500,38.566663,-121.332644
"ELVERTA","z95626",3,2,1116,"Residential",138750,38.713182,-121.411227
"ELK_GROVE","z95758",2,2,1039,"Condo",141000,38.423251,-121.444489
"SACRAMENTO","z95823",3,2,1418,"Residential",146250,38.48742,-121.462459
"NORTH_HIGHLANDS","z95660",3,2,1082,"Residential",147308,38.658246,-121.375469
"SACRAMENTO","z95823",4,2,1472,"Residential",148750,38.479553,-121.463317
"SACRAMENTO","z95828",4,2,1146,"Residential",149593,38.49857,-121.420925
"SACRAMENTO","z95825",1,1,760,"Condo",150000,38.58514,-121.403736
"SACRAMENTO","z95835",2,2,1304,"Condo",152000,38.658812,-121.542345
"SACRAMENTO","z95822",3,2,1207,"Residential",154000,38.493955,-121.48966
"ELK_GROVE","z95624",3,2,1056,"Residential",156896,38.41653,-121.379653
"ANTELOPE","z95843",2,2,1043,"Residential",161250,38.72027,-121.331555
"NORTH_HIGHLANDS","z95660",4,2,1587,"Residential",161500,38.699251,-121.371414
"SACRAMENTO","z95833",4,1,1120,"Residential",164000,38.613765,-121.488694
"SACRAMENTO","z95823",4,2,1580,"Residential",165000,38.450543,-121.432538
"SACRAMENTO","z95823",4,1,1955,"Residential",166357,38.489405,-121.452811
"SACRAMENTO","z95838",4,2,1656,"Residential",166357,38.636748,-121.422159
"SACRAMENTO","z95823",3,2,1477,"Residential",168000,38.499954,-121.454469
"ELK_GROVE","z95624",3,2,1188,"Residential",170000,38.415518,-121.370527
"SACRAMENTO","z95828",4,2,1590,"Residential",173000,38.473814,-121.4
"SACRAMENTO","z95823",3,2,1463,"Residential",174250,38.477553,-121.419463
"SACRAMENTO","z95828",4,2,1714,"Residential",174313,38.474853,-121.406326
"SACRAMENTO","z95823",3,2,1185,"Residential",178480,38.465184,-121.434925
"GALT","z95632",3,2,1406,"Residential",178760,38.287789,-121.294715
"SACRAMENTO","z95842",4,2,1943,"Multi_Family",179580,38.665724,-121.358576
"SACRAMENTO","z95826",3,2,1172,"Residential",181000,38.547011,-121.366217
"CARMICHAEL","z95608",3,1,1152,"Residential",181872,38.662105,-121.313945
"SACRAMENTO","z95823",4,3,1851,"Residential",182587,38.4473,-121.435218
"ANTELOPE","z95843",3,2,1215,"Residential",182716,38.714609,-121.347887
"GALT","z95632",3,2,1130,"Residential",182750,38.260443,-121.297864
"ORANGEVALE","z95662",4,2,1603,"Residential",183200,38.664186,-121.217511
"GALT","z95632",3,1,1479,"Residential",188741,38.251808,-121.302493
"SACRAMENTO","z95823",3,2,1420,"Residential",189000,38.459041,-121.424644
"SACRAMENTO","z95826",3,2,1280,"Residential",192067,38.560767,-121.377471
"ELK_GROVE","z95758",3,2,1586,"Residential",194000,38.422811,-121.423285
"ANTELOPE","z95843",3,2,1362,"Residential",194818,38.711279,-121.393449
"SACRAMENTO","z95828",4,4,2162,"Multi_Family",195000,38.48009,-121.415102
"SACRAMENTO","z95823",3,2,1266,"Residential",198000,38.44004,-121.421012
"ELK_GROVE","z95624",4,2,1715,"Residential",199500,38.44076,-121.385792
"FOLSOM","z95630",3,2,1820,"Residential",200000,38.687742,-121.17104
"CARMICHAEL","z95608",3,1,936,"Residential",200000,38.664468,-121.32683
"SACRAMENTO","z95834",2,3,1665,"Residential",206000,38.631481,-121.50188
"SACRAMENTO","z95834",3,2,1511,"Residential",208000,38.653439,-121.535169
"SACRAMENTO","z95823",4,2,1590,"Residential",212864,38.454349,-121.439239
"ELK_GROVE","z95758",4,2,1596,"Residential",221000,38.427818,-121.424026
"SACRAMENTO","z95835",2,2,1341,"Residential",221000,38.67307,-121.506373
"ELK_GROVE","z95624",5,3,2136,"Residential",223058,38.435436,-121.394536
"ELK_GROVE","z95624",4,2,1616,"Residential",227887,38.400676,-121.38101
"SACRAMENTO","z95823",3,2,1478,"Residential",231477,38.491399,-121.443547
"RANCHO_CORDOVA","z95670",3,2,1287,"Residential",234697,38.593699,-121.31089
"CITRUS_HEIGHTS","z95621",4,2,1277,"Residential",235000,38.702855,-121.31308
"SACRAMENTO","z95833",4,2,1448,"Residential",236000,38.618457,-121.509439
"SACRAMENTO","z95829",4,3,2235,"Residential",236685,38.463355,-121.358936
"MATHER","z95655",3,2,2093,"Residential",237800,38.547991,-121.280483
"RIO_LINDA","z95673",3,2,1193,"Residential",240122,38.693818,-121.441153
"ELK_GROVE","z95757",3,2,2163,"Residential",242638,38.400974,-121.448424
"SACRAMENTO","z95828",3,2,1269,"Residential",244000,38.478198,-121.412911
"SACRAMENTO","z95833",3,3,1473,"Residential",244500,38.626671,-121.52597
"SACRAMENTO","z95828",3,1,958,"Residential",244960,38.502519,-121.420769
"ELK_GROVE","z95624",5,3,2508,"Residential",245918,38.443832,-121.382087
"CITRUS_HEIGHTS","z95621",3,2,1305,"Residential",250000,38.665395,-121.293288
"ELK_GROVE","z95758",4,2,1591,"Residential",250000,38.444909,-121.412345
"CARMICHAEL","z95608",2,2,1326,"Condo",250134,38.637028,-121.312963
"ELK_GROVE","z95757",3,2,1843,"Residential",254200,38.38692,-121.447349
"SACRAMENTO","z95841",4,2,1921,"Residential",254200,38.653917,-121.34218
"ELK_GROVE","z95758",5,3,2790,"Residential",258000,38.42568,-121.438062
"SACRAMENTO","z95835",3,2,1541,"Residential",260000,38.656251,-121.547572
"SACRAMENTO","z95820",3,1,1018,"Residential",260014,38.53151,-121.421089
"RANCHO_CORDOVA","z95742",4,2,1713,"Residential",263500,38.553867,-121.219141
"SACRAMENTO","z95834",3,2,1672,"Condo",265000,38.648879,-121.544023
"POLLOCK_PINES","z95726",3,2,1380,"Residential",265000,38.708315,-120.603872
"SACRAMENTO","z95822",3,1,975,"Residential",271742,38.523947,-121.484946
"SACRAMENTO","z95829",4,3,2372,"Residential",273750,38.472976,-121.318633
"SACRAMENTO","z95822",3,2,1446,"Residential",275086,38.502194,-121.490795
"POLLOCK_PINES","z95726",2,2,1284,"Residential",280908,38.75485,-120.60476
"SACRAMENTO","z95832",4,3,3009,"Residential",280987,38.474099,-121.490711
"SACRAMENTO","z95826",8,4,3612,"Multi_Family",282400,38.559505,-121.364839
"ELK_GROVE","z95758",4,2,2056,"Residential",285000,38.410992,-121.479043
"ELK_GROVE","z95624",4,2,1993,"Residential",287417,38.4439,-121.37255
"ELK_GROVE","z95757",3,2,1857,"Residential",291000,38.391538,-121.442596
"SACRAMENTO","z95818",2,1,1126,"Residential",292024,38.556098,-121.490787
"SACRAMENTO","z95827",4,4,2213,"Multi_Family",297000,38.5703,-121.315735
"ELK_GROVE","z95758",5,3,2494,"Residential",297000,38.442031,-121.410873
"ELK_GROVE","z95757",3,2,1843,"Residential",298000,38.40154,-121.447649
"GOLD_RIVER","z95670",2,2,1520,"Residential",299000,38.62869,-121.261669
"SACRAMENTO","z95835",5,3,2800,"Residential",304037,38.658182,-121.549521
"ELK_GROVE","z95624",4,2,2309,"Residential",311000,38.442352,-121.389675
"SACRAMENTO","z95827",5,3,2367,"Residential",315537,38.555993,-121.340352
"RANCHO_CORDOVA","z95742",5,4,3516,"Residential",320000,38.545128,-121.224922
"RANCHO_CORDOVA","z95742",4,3,2536,"Residential",320000,38.528575,-121.2286
"SACRAMENTO","z95826",4,3,1914,"Residential",328360,38.550848,-121.370224
"ORANGEVALE","z95662",2,1,1690,"Residential",334150,38.71147,-121.216214
"ELK_GROVE","z95757",3,3,2725,"Residential",335750,38.398609,-121.450148
"ELK_GROVE","z95757",4,3,2354,"Residential",335750,38.403492,-121.430224
"SACRAMENTO","z95833",3,3,1842,"Residential",339500,38.602416,-121.542965
"FOLSOM","z95630",3,2,2185,"Residential",344250,38.68479,-121.149199
"ELK_GROVE","z95758",4,2,1801,"Residential",346210,38.41333,-121.404999
"SACRAMENTO","z95823",3,3,1961,"Residential",347029,38.448507,-121.421346
"ELK_GROVE","z95757",4,2,3134,"Residential",347650,38.380635,-121.425538
"SACRAMENTO","z95823",4,3,1915,"Residential",351300,38.46534,-121.457519
"EL_DORADO_HILLS","z95762",3,3,1873,"Residential",352000,38.691299,-121.081752
"SACRAMENTO","z95831",3,3,1638,"Residential",370000,38.4772,-121.5215
"RANCHO_MURIETA","z95683",4,3,2734,"Residential",370500,38.4874,-121.075129
"WILTON","z95693",3,2,2110,"Residential",372000,38.35062,-121.228349
"ELK_GROVE","z95757",5,3,3164,"Residential",375000,38.4019,-121.420388
"SACRAMENTO","z95835",5,3,3599,"Residential",381300,38.677126,-121.500519
"SACRAMENTO","z95831",4,2,2054,"Residential",381942,38.509819,-121.519661
"ANTELOPE","z95843",4,2,1830,"Residential",387731,38.709873,-121.339472
"SACRAMENTO","z95814",3,3,1627,"Residential",391000,38.58355,-121.487289
"ELK_GROVE","z95757",4,3,3440,"Residential",394470,38.408351,-121.423925
"GREENWOOD","z95635",3,2,2846,"Residential",395000,38.945357,-120.908822
"ELK_GROVE","z95624",4,3,2359,"Residential",400186,38.450829,-121.349928
"SACRAMENTO","z95831",3,3,2052,"Residential",415000,38.487885,-121.545947
"ELK_GROVE","z95757",5,3,3433,"Residential",425000,38.385638,-121.422616
"RANCHO_CORDOVA","z95742",5,3,3615,"Residential",430000,38.550617,-121.23526
"ELK_GROVE","z95624",6,4,3714,"Residential",445000,38.420338,-121.363757
"FOLSOM","z95630",5,3,2687,"Residential",460000,38.646273,-121.175322
"ELK_GROVE","z95757",4,3,2724,"Residential",461000,38.38253,-121.428007
"ELK_GROVE","z95757",4,3,3440,"Residential",489332,38.406421,-121.422081
"ELK_GROVE","z95757",5,4,3508,"Residential",510000,38.38253,-121.428038
"FOLSOM","z95630",4,2,2462,"Residential",539000,38.655167,-121.090178
"FOLSOM","z95630",5,3,2900,"Residential",585000,38.670947,-121.097727
"EL_DORADO_HILLS","z95762",4,4,3705,"Residential",600000,38.672761,-121.050378
"EL_DORADO_HILLS","z95762",4,3,3527,"Residential",606238,38.666807,-121.06483
"SACRAMENTO","z95864",3,3,2325,"Residential",660000,38.591618,-121.370626
"EL_DORADO_HILLS","z95762",6,5,4878,"Residential",830000,38.669931,-121.05958
"CITRUS_HEIGHTS","z95621",2,1,795,"Condo",69000,38.680923,-121.313945
"SACRAMENTO","z95817",4,2,1099,"Residential",70000,38.554967,-121.468046
"ELK_GROVE","z95624",2,1,840,"Condo",71000,38.40573,-121.369832
"SACRAMENTO","z95815",2,1,800,"Residential",78000,38.624678,-121.439203
"SACRAMENTO","z95824",2,1,746,"Residential",78400,38.518044,-121.443555
"SACRAMENTO","z95822",3,1,1067,"Residential",80000,38.515125,-121.480416
"SACRAMENTO","z95815",4,2,1316,"Residential",89000,38.623571,-121.454884
"SACRAMENTO","z95815",3,1,1337,"Residential",90000,38.622953,-121.450142
"SACRAMENTO","z95824",2,1,868,"Residential",90000,38.518373,-121.411779
"SACRAMENTO","z95824",3,1,924,"Residential",92000,38.51055,-121.414768
"SACRAMENTO","z95820",2,1,610,"Residential",93675,38.53942,-121.446894
"RANCHO_MURIETA","z95683",3,2,1516,"Residential",97750,38.492287,-121.100032
"SACRAMENTO","z95815",2,1,1220,"Residential",98000,38.621998,-121.442238
"ELK_GROVE","z95758",1,1,722,"Condo",98000,38.423251,-121.444489
"SACRAMENTO","z95864",3,1,1643,"Residential",99000,38.588672,-121.373916
"ELK_GROVE","z95758",1,1,722,"Condo",100000,38.423251,-121.444489
"GALT","z95632",3,1,1080,"Residential",106716,38.241514,-121.312199
"SACRAMENTO","z95820",3,1,1039,"Residential",111000,38.52712,-121.435348
"NORTH_HIGHLANDS","z95660",3,1,1051,"Residential",111000,38.67895,-121.379406
"SACRAMENTO","z95842",2,2,967,"Residential",114800,38.682279,-121.352817
"RANCHO_CORDOVA","z95670",3,1,1098,"Residential",120108,38.587156,-121.295778
"SACRAMENTO","z95824",3,1,1050,"Residential",123225,38.518942,-121.430158
"SACRAMENTO","z95838",3,2,1110,"Residential",123750,38.636565,-121.460383
"NORTH_HIGHLANDS","z95660",3,1,888,"Residential",125000,38.650445,-121.374861
"SACRAMENTO","z95822",3,2,1120,"Residential",125000,38.514665,-121.480411
"ELVERTA","z95626",3,2,1080,"Residential",126000,38.717976,-121.407684
"NORTH_HIGHLANDS","z95660",3,1,957,"Residential",129000,38.66654,-121.378298
"SACRAMENTO","z95838",2,1,952,"Residential",134000,38.637678,-121.452476
"SACRAMENTO","z95838",3,2,1211,"Residential",135000,38.658478,-121.450409
"SACRAMENTO","z95815",3,2,1264,"Residential",135500,38.61779,-121.436765
"SACRAMENTO","z95833",3,1,1080,"Residential",140000,38.623817,-121.477827
"GALT","z95632",3,2,1266,"Residential",140000,38.270617,-121.299205
"FAIR_OAKS","z95628",2,2,994,"Condo",142500,38.662785,-121.276272
"SACRAMENTO","z95834",3,2,1202,"Residential",143500,38.631056,-121.48508
"ELK_GROVE","z95758",2,2,1039,"Condo",145000,38.423251,-121.444489
"SACRAMENTO","z95820",2,1,722,"Residential",145000,38.532727,-121.470783
"SACRAMENTO","z95828",4,2,1448,"Residential",145000,38.488623,-121.410582
"SACRAMENTO","z95828",3,2,1188,"Residential",145000,38.488611,-121.412808
"NORTH_HIGHLANDS","z95660",4,2,1183,"Residential",146000,38.692915,-121.367497
"SACRAMENTO","z95822",3,1,1320,"Residential",148500,38.487444,-121.491366
"SACRAMENTO","z95828",3,2,1117,"Residential",149000,38.473288,-121.3963
"SACRAMENTO","z95828",3,2,1364,"Residential",150000,38.482876,-121.405912
"SACRAMENTO","z95823",4,2,1310,"Residential",150000,38.484834,-121.449316
"ELK_GROVE","z95758",2,2,1006,"Residential",152000,38.420138,-121.412179
"CITRUS_HEIGHTS","z95621",3,2,1104,"Residential",156000,38.693724,-121.307169
"SACRAMENTO","z95825",2,1,810,"Residential",156000,38.609982,-121.419263
"ELK_GROVE","z95624",2,2,1123,"Residential",156000,38.41875,-121.370019
"SACRAMENTO","z95842",2,1,904,"Residential",157788,38.67273,-121.359645
"CITRUS_HEIGHTS","z95621",3,2,1156,"Residential",161653,38.720653,-121.302241
"SACRAMENTO","z95820",2,1,1321,"Residential",161829,38.541965,-121.452132
"ANTELOPE","z95843",3,2,1392,"Residential",165000,38.715346,-121.388163
"SACRAMENTO","z95823",3,2,1439,"Residential",168000,38.448288,-121.420719
"SACRAMENTO","z95842",3,2,1159,"Residential",169000,38.69951,-121.359989
"RANCHO_CORDOVA","z95670",3,2,1671,"Residential",175000,38.591477,-121.31534
"SACRAMENTO","z95823",3,2,1740,"Residential",176250,38.457654,-121.431381
"SACRAMENTO","z95823",3,2,1265,"Residential",179000,38.461283,-121.434322
"ANTELOPE","z95843",2,2,1007,"Residential",180000,38.710889,-121.358876
"ELK_GROVE","z95758",3,2,1716,"Residential",180400,38.417649,-121.420294
"ELK_GROVE","z95758",4,2,1685,"Residential",182000,38.417182,-121.397231
"RANCHO_CORDOVA","z95670",4,2,1829,"Residential",184500,38.592383,-121.318669
"ELK_GROVE","z95758",3,2,1555,"Residential",185000,38.435471,-121.441173
"CARMICHAEL","z95608",4,2,1120,"Residential",189000,38.666564,-121.325717
"CITRUS_HEIGHTS","z95621",3,2,1137,"Residential",194000,38.718693,-121.303619
"SACRAMENTO","z95826",3,1,1174,"Residential",195000,38.543697,-121.366683
"ANTELOPE","z95843",3,2,1393,"Residential",200000,38.704407,-121.36113
"CAMERON_PARK","z95682",3,1.5,1415,"Residential",201000,38.694052,-120.995589
"LINCOLN","z95648",4,2,2126,"Residential",202500,38.879192,-121.309477
"SACRAMENTO","z95828",3,2,1289,"Residential",205000,38.461296,-121.390858
"SACRAMENTO","z95838",4,2,1799,"Residential",205000,38.655887,-121.446119
"PLACERVILLE","z95667",3,2,1308,"Residential",205000,38.74458,-120.794254
"SACRAMENTO","z95823",4,3,1953,"Residential",205000,38.443253,-121.431992
"SACRAMENTO","z95820",2,1,723,"Residential",207000,38.536741,-121.42115
"CAMERON_PARK","z95682",2,1.5,1376,"Residential",210000,38.69437,-120.996602
"PLACERVILLE","z95667",2,1,948,"Residential",211500,38.739774,-120.860243
"CITRUS_HEIGHTS","z95621",4,2,1578,"Residential",215000,38.696489,-121.328555
"CITRUS_HEIGHTS","z95610",3,2,1317,"Residential",215000,38.710388,-121.261096
"SACRAMENTO","z95833",3,3,1360,"Residential",215500,38.626582,-121.52151
"SACRAMENTO","z95824",3,1,1360,"Residential",222381,38.513066,-121.451909
"SACRAMENTO","z95833",3,2,1522,"Residential",225000,38.624762,-121.522775
"SACRAMENTO","z95825",4,2,1751,"Residential",225000,38.606603,-121.394147
"ELK_GROVE","z95624",3,2,1465,"Residential",225000,38.419214,-121.348533
"SACRAMENTO","z95826",4,2,1605,"Residential",228000,38.55821,-121.355022
"RIO_LINDA","z95673",4,2,1475,"Residential",229665,38.702893,-121.454949
"MEADOW_VISTA","z95722",3,1,1216,"Residential",230000,39.008159,-121.03623
"FAIR_OAKS","z95628",2,2,1315,"Residential",230000,38.665644,-121.259969
"ELK_GROVE","z95757",3,2,1567,"Residential",230000,38.390557,-121.449805
"SACRAMENTO","z95835",3,2,1776,"Residential",234000,38.672495,-121.515251
"SACRAMENTO","z95835",3,2,2187,"Residential",235000,38.661658,-121.540633
"SACRAMENTO","z95822",3,1,1291,"Residential",236250,38.534596,-121.493121
"FOLSOM","z95630",2,2,1129,"Condo",240000,38.6457,-121.1197
"ELK_GROVE","z95624",3,2.5,1453,"Residential",242000,38.43742,-121.372876
"SACRAMENTO","z95842",3,2,1503,"Residential",245000,38.699489,-121.361828
"SACRAMENTO","z95828",4,3,2491,"Residential",245000,38.459711,-121.384283
"SACRAMENTO","z95816",2,1,1269,"Residential",245000,38.562296,-121.467489
"SACRAMENTO","z95835",3,2.5,1718,"Residential",250000,38.676658,-121.528128
"ORANGEVALE","z95662",3,2,1176,"Residential",250000,38.669882,-121.213533
"ORANGEVALE","z95662",4,2,1456,"Residential",250000,38.692199,-121.250975
"ROSEVILLE","z95678",3,2,1498,"Residential",250000,38.725283,-121.297953
"ANTELOPE","z95843",3,2,1574,"Residential",255000,38.710221,-121.341651
"CITRUS_HEIGHTS","z95610",5,4,2085,"Multi_Family",256054,38.682358,-121.272876
"SACRAMENTO","z95829",3,2,2170,"Residential",257729,38.45967,-121.360461
"ELK_GROVE","z95758",4,2,1595,"Residential",260000,38.409634,-121.410787
"ANTELOPE","z95843",3,2,1567,"Residential",261000,38.705849,-121.334701
"LINCOLN","z95648",4,3,2943,"Residential",261800,38.879084,-121.298586
"SACRAMENTO","z95822",4,2,1253,"Residential",264469,38.482704,-121.500433
"ANTELOPE","z95843",4,3,1768,"Residential",265000,38.717042,-121.35468
"SACRAMENTO","z95835",4,2.5,1980,"Residential",270000,38.676937,-121.529244
"SACRAMENTO","z95835",4,3,2030,"Residential",270000,38.671807,-121.498274
"SACRAMENTO","z95835",3,2,1531,"Residential",270000,38.665704,-121.529096
"SACRAMENTO","z95834",4,3,1750,"Residential",270000,38.647961,-121.543162
"ELK_GROVE","z95624",4,3,1653,"Residential",275000,38.435288,-121.375703
"ELK_GROVE","z95758",4,2,2056,"Residential",275000,38.411522,-121.481406
"ELK_GROVE","z95624",4,3,2494,"Residential",280000,38.404934,-121.352405
"FAIR_OAKS","z95628",3,2,1450,"Residential",286013,38.660322,-121.230101
"SACRAMENTO","z95834",4,2,2169,"Residential",292000,38.633028,-121.526755
"ROSEVILLE","z95747",3,2,1440,"Residential",292000,38.752399,-121.330328
"FAIR_OAKS","z95628",3,2,1527,"Residential",293993,38.664552,-121.255937
"ROSEVILLE","z95678",3,2,1401,"Residential",294000,38.776327,-121.284514
"SACRAMENTO","z95838",3,2,1411,"Residential",296769,38.65783,-121.456842
"LINCOLN","z95648",4,4,2990,"Residential",297500,38.864864,-121.313988
"GOLD_RIVER","z95670",2,2.5,1533,"Condo",300000,38.625289,-121.260286
"RIO_LINDA","z95673",3,1,1284,"Residential",300000,38.700553,-121.452223
"GALT","z95632",4,3,2307,"Residential",300000,38.272942,-121.289148
"PLACERVILLE","z95667",3,2,1329,"Residential",300000,38.694559,-120.848157
"SACRAMENTO","z95835",4,2,1910,"Residential",300500,38.677454,-121.494791
"GOLD_RIVER","z95670",3,2,1981,"Residential",305000,38.628732,-121.261149
"ROSEVILLE","z95747",3,2.5,1829,"Residential",306500,38.772771,-121.364877
"SACRAMENTO","z95835",3,2,1665,"Residential",312500,38.668692,-121.54549
"LINCOLN","z95648",5,3,3072,"Residential",315000,38.866409,-121.308485
"SACRAMENTO","z95823",4,2,2205,"Residential",319789,38.447353,-121.434969
"LINCOLN","z95648",2,2,1449,"Residential",330000,38.849924,-121.275729
"FOLSOM","z95630",3,2,1258,"Residential",330000,38.667834,-121.168578
"ELK_GROVE","z95757",3,2,2575,"Residential",331000,38.387014,-121.440967
"SACRAMENTO","z95820",2,1,539,"Residential",334000,38.542727,-121.442449
"RANCHO_CORDOVA","z95670",4,3,2208,"Residential",336000,38.573488,-121.282809
"SACRAMENTO","z95819",3,1,1108,"Residential",339000,38.563805,-121.436395
"FOLSOM","z95630",4,2,1595,"Residential",339000,38.652002,-121.129504
"GALT","z95632",4,2,2159,"Residential",345000,38.279581,-121.300828
"PLACERVILLE","z95667",4,3,2295,"Residential",350000,38.738141,-120.784145
"ROSEVILLE","z95678",3,2,1838,"Residential",356000,38.782094,-121.297133
"SACRAMENTO","z95823",4,2,1900,"Residential",361745,38.487409,-121.461413
"SACRAMENTO","z95811",4,2,1718,"Residential",361948,38.591822,-121.478644
"ELK_GROVE","z95757",5,3,3389,"Residential",370000,38.405224,-121.479275
"ROCKLIN","z95677",4,2,2190,"Residential",380000,38.778691,-121.204292
"ELK_GROVE","z95757",5,4,3260,"Residential",385000,38.405527,-121.431746
"CAMERON_PARK","z95682",3,2,2016,"Residential",399000,38.664225,-121.007173
"ROCKLIN","z95765",4,2,2607,"Residential",402000,38.805749,-121.280931
"ELK_GROVE","z95757",4,3,2724,"Residential",406026,38.390465,-121.443479
"GALT","z95632",5,4,3746,"Residential",420000,38.271646,-121.286848
"RANCHO_CORDOVA","z95742",5,4,3969,"Residential",425000,38.527502,-121.233492
"RANCHO_MURIETA","z95683",4,2,3192,"Residential",425000,38.512602,-121.087233
"SACRAMENTO","z95834",3,3,2829,"Residential",433500,38.650221,-121.551704
"LINCOLN","z95648",5,4,3928,"Residential",436746,38.857635,-121.311375
"EL_DORADO_HILLS","z95762",5,3,3577,"Residential",438700,38.679136,-121.034329
"SACRAMENTO","z95811",2,1,1247,"Residential",445000,38.582604,-121.47576
"FOLSOM","z95630",4,2,2581,"Residential",450000,38.676306,-121.09954
"SACRAMENTO","z95841",3,1,2068,"Residential",460000,38.646374,-121.353658
"EL_DORADO_HILLS","z95762",3,2,2129,"Residential",460000,38.668239,-121.064437
"ELK_GROVE","z95624",4,3,3992,"Residential",460000,38.403609,-121.335541
"SACRAMENTO","z95835",4,4,3397,"Residential",465000,38.665696,-121.549437
"SACRAMENTO","z95835",5,3,3881,"Residential",471750,38.677225,-121.519687
"ROCKLIN","z95765",5,4,3167,"Residential",480000,38.801637,-121.278798
"CARMICHAEL","z95608",2,2,1598,"Residential",484000,38.602754,-121.329326
"PLACERVILLE","z95667",4,3,1929,"Residential",485000,38.787877,-120.816676
"ELK_GROVE","z95757",4,3,3070,"Residential",495000,38.398488,-121.473424
"ROSEVILLE","z95678",4,2.5,2272,"Residential",500500,38.770153,-121.300039
"AUBURN","z95603",3,3,2791,"Residential",504000,38.891935,-121.08434
"EL_DORADO_HILLS","z95762",5,3,3117,"Residential",541000,38.628459,-121.055078
"WILTON","z95693",3,2,2544,"Residential",560000,38.408841,-121.198039
"SACRAMENTO","z95829",5,3,3984,"Residential",572500,38.47643,-121.309243
"CARMICHAEL","z95608",4,2,2222,"Residential",582000,38.602461,-121.330979
"ROSEVILLE","z95661",4,3,3838,"Residential",613401,38.735373,-121.227072
"ROSEVILLE","z95747",4,3.5,3059,"Residential",614000,38.742118,-121.359909
"FAIR_OAKS","z95628",5,5,2846,"Residential",680000,38.64167,-121.262099
"SACRAMENTO","z95819",5,2,2484,"Residential",699000,38.563244,-121.446876
"LOOMIS","z95650",4,4,1624,"Residential",839000,38.813337,-121.133348
"SACRAMENTO","z95842",2,1,840,"Condo",40000,38.673678,-121.357471
"SACRAMENTO","z95825",1,1,484,"Condo",48000,38.582279,-121.401482
"SACRAMENTO","z95815",3,1,970,"Residential",61500,38.620685,-121.460539
"SACRAMENTO","z95817",2,1,623,"Residential",62050,38.546798,-121.460038
"SACRAMENTO","z95820",2,1,932,"Residential",65000,38.532718,-121.46747
"SACRAMENTO","z95838",2,1,796,"Residential",65000,38.638797,-121.435049
"SACRAMENTO","z95820",2,1,834,"Residential",68000,38.539447,-121.450858
"SACRAMENTO","z95820",2,1,834,"Residential",68000,38.539447,-121.450858
"SACRAMENTO","z95841",2,1,924,"Condo",77000,38.658739,-121.333561
"SACRAMENTO","z95842",2,1,795,"Condo",82732,38.669104,-121.359008
"SACRAMENTO","z95838",3,1,1250,"Residential",84000,38.637337,-121.432835
"SACRAMENTO","z95820",2,1,984,"Residential",84675,38.53728,-121.463531
"SACRAMENTO","z95828",3,1,1013,"Residential",85000,38.497237,-121.424187
"SACRAMENTO","z95822",3,1,1012,"Residential",90000,38.484274,-121.488851
"SACRAMENTO","z95826",2,1,795,"Condo",90000,38.559144,-121.368387
"SACRAMENTO","z95838",2,2,918,"Residential",91000,38.630151,-121.442789
"SACRAMENTO","z95838",3,1,1082,"Residential",95000,38.637704,-121.453946
"SACRAMENTO","z95842",2,1,964,"Residential",97500,38.663282,-121.359631
"SACRAMENTO","z95815",4,2,1404,"Multi_Family",100000,38.617718,-121.440089
"SACRAMENTO","z95826",1,1,625,"Condo",100000,38.544627,-121.35796
"CITRUS_HEIGHTS","z95621",2,1,888,"Residential",101000,38.675893,-121.2963
"SACRAMENTO","z95815",4,2,1120,"Residential",102750,38.622243,-121.457863
"NORTH_HIGHLANDS","z95660",3,1,1331,"Residential",112500,38.68972,-121.378399
"SACRAMENTO","z95821",3,1,1014,"Residential",113000,38.623738,-121.41305
"SACRAMENTO","z95820",4,2,1448,"Residential",114000,38.53361,-121.469308
"SACRAMENTO","z95838",3,1,966,"Residential",114000,38.659414,-121.45408
"SACRAMENTO","z95823",2,1,779,"Residential",114750,38.463929,-121.438667
"ANTELOPE","z95843",2,2,836,"Condo",115000,38.71607,-121.364468
"ROSEVILLE","z95678",2,2,1100,"Condo",115000,38.732429,-121.288069
"SACRAMENTO","z95832",3,1,1174,"Residential",116100,38.470093,-121.468347
"NORTH_HIGHLANDS","z95660",3,2,1207,"Residential",119250,38.656131,-121.377265
"SACRAMENTO","z95828",4,4,1995,"Multi_Family",120000,38.490704,-121.410176
"SACRAMENTO","z95820",2,1,804,"Residential",120000,38.53105,-121.479574
"SACRAMENTO","z95834",2,2,958,"Condo",120000,38.647523,-121.523217
"SACRAMENTO","z95823",3,2,1366,"Residential",120108,38.470187,-121.448149
"SACRAMENTO","z95823",2,2,901,"Residential",121500,38.454949,-121.440578
"SACRAMENTO","z95815",3,1,696,"Residential",121725,38.613103,-121.444085
"GALT","z95632",3,2,1080,"Residential",122000,38.24227,-121.31032
"SACRAMENTO","z95822",3,2,1104,"Residential",123000,38.50372,-121.490657
"SACRAMENTO","z95825",2,1,972,"Residential",125000,38.598321,-121.39161
"SACRAMENTO","z95833",4,2,1390,"Residential",125573,38.617173,-121.482541
"ELVERTA","z95626",4,2,1354,"Residential",126714,38.705834,-121.43919
"SACRAMENTO","z95826",2,1,795,"Condo",126960,38.557045,-121.37167
"ROSEVILLE","z95678",2,1,780,"Condo",127000,38.749723,-121.27008
"SACRAMENTO","z95828",4,2,1587,"Residential",127500,38.49069,-121.382619
"NORTH_HIGHLANDS","z95660",3,2,1209,"Residential",130000,38.699269,-121.376334
"SACRAMENTO","z95824",2,1,1139,"Residential",133105,38.520941,-121.459355
"RIO_LINDA","z95673",2,2,1690,"Residential",136500,38.691104,-121.451832
"CARMICHAEL","z95608",3,2,1245,"Condo",139500,38.628563,-121.328297
"ELVERTA","z95626",3,2,1416,"Residential",140000,38.71865,-121.407763
"SACRAMENTO","z95832",3,2,1300,"Residential",140800,38.47807,-121.48114
"SACRAMENTO","z95822",3,2,1120,"Residential",145000,38.484896,-121.486948
"SACRAMENTO","z95828",4,2,1590,"Residential",147000,38.478502,-121.403517
"SACRAMENTO","z95828",3,2,1407,"Residential",149600,38.479083,-121.400702
"SACRAMENTO","z95820",5,2,1516,"Residential",150000,38.534508,-121.467907
"ROSEVILLE","z95747",2,2,1057,"Condo",150000,38.795529,-121.328819
"SACRAMENTO","z95822",3,2,1646,"Residential",150000,38.489759,-121.474754
"SACRAMENTO","z95823",3,2,1676,"Residential",155000,38.457157,-121.433065
"SACRAMENTO","z95838",3,2,1370,"Residential",155435,38.646677,-121.437573
"SACRAMENTO","z95838",3,2,1370,"Residential",155500,38.646677,-121.437573
"CITRUS_HEIGHTS","z95621",4,2,1351,"Residential",158000,38.70166,-121.323249
"NORTH_HIGHLANDS","z95660",3,2,1152,"Residential",158000,38.697898,-121.377687
"SACRAMENTO","z95823",3,2,1452,"Residential",160000,38.45356,-121.435959
"ROSEVILLE","z95678",2,1,990,"Residential",160000,38.734136,-121.299639
"CITRUS_HEIGHTS","z95621",2,2,1162,"Residential",164000,38.720868,-121.309855
"RIO_LINDA","z95673",3,2,1182,"Residential",164000,38.687659,-121.4633
"ELK_GROVE","z95758",2,2,1112,"Residential",165000,38.42465,-121.430137
"GALT","z95632",3,2,1100,"Residential",167000,38.283085,-121.302071
"CITRUS_HEIGHTS","z95621",4,2,1280,"Residential",167293,38.715781,-121.298519
"CITRUS_HEIGHTS","z95621",4,2,1280,"Residential",167293,38.715781,-121.298519
"SACRAMENTO","z95820",3,1,1039,"Residential",168000,38.52774,-121.433669
"SACRAMENTO","z95842",3,2,1159,"Residential",170000,38.695677,-121.36022
"SACRAMENTO","z95833",4,2,1917,"Residential",170000,38.620687,-121.482619
"SACRAMENTO","z95827",3,2,1520,"Residential",170000,38.564,-121.320023
"GALT","z95632",3,2,1204,"Residential",174000,38.260467,-121.302636
"SACRAMENTO","z95841",3,2,1120,"Residential",178000,38.658734,-121.357196
"SACRAMENTO","z95823",3,2,1436,"Residential",180000,38.447585,-121.426627
"SACRAMENTO","z95826",3,2,1451,"Residential",180000,38.55992,-121.352539
"SACRAMENTO","z95828",4,2,1638,"Residential",180000,38.466499,-121.381119
"CARMICHAEL","z95608",2,2,1000,"Condo",182000,38.637396,-121.300055
"ROSEVILLE","z95661",3,1,1152,"Residential",188325,38.72748,-121.256537
"ROSEVILLE","z95747",3,2,1154,"Residential",191500,38.747878,-121.311279
"SACRAMENTO","z95838",3,2,1353,"Residential",192000,38.657811,-121.465327
"CITRUS_HEIGHTS","z95621",3,2,1329,"Residential",192700,38.706152,-121.325399
"SACRAMENTO","z95826",3,1,1356,"Residential",195000,38.544368,-121.369979
"SACRAMENTO","z95838",3,2,1505,"Residential",197654,38.645689,-121.452766
"SACRAMENTO","z95842",3,1,1009,"Residential",198000,38.681541,-121.355616
"SACRAMENTO","z95823",3,2,1144,"Residential",200345,38.46452,-121.427606
"SACRAMENTO","z95864",2,1,930,"Residential",203000,38.581471,-121.38839
"SACRAMENTO","z95841",4,2,1766,"Residential",207000,38.687943,-121.328883
"SACRAMENTO","z95828",4,3,1940,"Residential",208000,38.468639,-121.403265
"ELK_GROVE","z95758",4,2,1776,"Residential",210000,38.413947,-121.408276
"CITRUS_HEIGHTS","z95621",3,1,1258,"Residential",212000,38.698154,-121.298375
"SACRAMENTO","z95828",4,2,1872,"Residential",213675,38.460492,-121.373379
"ELK_GROVE","z95758",2,2,1112,"Residential",213697,38.423963,-121.428875
"SACRAMENTO","z95833",4,2,1856,"Residential",215000,38.619675,-121.496903
"SACRAMENTO","z95816",4,3,1939,"Residential",215000,38.573844,-121.462839
"ROSEVILLE","z95678",3,1,998,"Residential",215100,38.746794,-121.29971
"ROSEVILLE","z95678",3,2,1758,"Residential",217500,38.756149,-121.306479
"SACRAMENTO","z95838",3,2,2142,"Residential",218000,38.658466,-121.460661
"SACRAMENTO","z95831",2,1,950,"Residential",220000,38.48403,-121.507641
"ELK_GROVE","z95758",4,3,1739,"Residential",221000,38.417026,-121.416821
"ELK_GROVE","z95624",3,2,1516,"Residential",222900,38.398245,-121.380615
"ANTELOPE","z95843",3,1,988,"Residential",223139,38.705753,-121.388917
"GALT","z95632",4,2,1555,"Residential",225500,38.282001,-121.295902
"SACRAMENTO","z95820",3,2,1212,"Residential",228327,38.534827,-121.412545
"SACRAMENTO","z95833",4,2,1871,"Residential",230000,38.62478,-121.523474
"SACRAMENTO","z95828",3,2,1302,"Residential",230000,38.47547,-121.380055
"SACRAMENTO","z95841",2,1,756,"Condo",230522,38.657789,-121.354994
"ANTELOPE","z95843",4,3,2026,"Residential",231200,38.72286,-121.358939
"SACRAMENTO","z95831",3,2,1375,"Residential",232000,38.49026,-121.550527
"SACRAMENTO","z95834",2,2,1250,"Condo",232500,38.644406,-121.549049
"SACRAMENTO","z95822",3,1,1058,"Residential",233641,38.523828,-121.481139
"ANTELOPE","z95843",3,2,1187,"Residential",234000,38.727657,-121.391028
"SACRAMENTO","z95831",2,2,1324,"Residential",234500,38.48797,-121.530229
"SACRAMENTO","z95828",4,3,1936,"Residential",235000,38.462981,-121.408288
"RANCHO_CORDOVA","z95670",5,4,2382,"Multi_Family",236000,38.603686,-121.277844
"FOLSOM","z95630",3,2,1427,"Residential",236073,38.679626,-121.142609
"SACRAMENTO","z95835",3,2,1678,"Condo",238000,38.665296,-121.531993
"GALT","z95632",4,2,1798,"Residential",238861,38.277177,-121.303747
"ANTELOPE","z95843",4,3,2652,"Residential",239700,38.725079,-121.387698
"SACRAMENTO","z95829",4,2,1816,"Residential",240000,38.456939,-121.362965
"SACRAMENTO","z95834",5,3,3076,"Residential",240000,38.63437,-121.510779
"ELK_GROVE","z95758",4,2,1844,"Residential",241000,38.43461,-121.429316
"SACRAMENTO","z95823",3,2,1306,"Residential",245000,38.46179,-121.445371
"SACRAMENTO","z95833",4,3,2447,"Residential",246000,38.604969,-121.54255
"SACRAMENTO","z95828",4,2,1176,"Residential",247234,38.489215,-121.419546
"RIO_LINDA","z95673",4,2,1182,"Residential",247480,38.687021,-121.463151
"RIO_LINDA","z95673",3,1,1160,"Residential",249862,38.683674,-121.435204
"SACRAMENTO","z95835",3,2,1424,"Residential",251000,38.675506,-121.510987
"ORANGEVALE","z95662",4,2,1574,"Residential",252155,38.691829,-121.249033
"ANTELOPE","z95843",3,2,1830,"Residential",254172,38.710221,-121.341707
"ELK_GROVE","z95624",4,2,1724,"Residential",258000,38.451353,-121.358776
"AUBURN","z95603",2,2,1255,"Condo",260000,38.931671,-121.097862
"ELK_GROVE","z95758",3,3,1718,"Residential",261000,38.416916,-121.407554
"SACRAMENTO","z95835",4,3,2175,"Residential",261000,38.676172,-121.509761
"SACRAMENTO","z95835",4,2,1904,"Residential",261000,38.681194,-121.537351
"EL_DORADO_HILLS","z95762",4,2,1808,"Residential",262500,38.664347,-121.076529
"RANCHO_CORDOVA","z95742",4,2,2711,"Residential",266000,38.551046,-121.239411
"CARMICHAEL","z95608",3,1,1713,"Residential",266000,38.671995,-121.324339
"ELK_GROVE","z95757",3,2,1457,"Residential",270000,38.395256,-121.438249
"ELK_GROVE","z95757",4,3,2724,"Residential",274425,38.380089,-121.428186
"ROCKLIN","z95765",3,2,1847,"Residential",274500,38.805036,-121.293608
"SACRAMENTO","z95828",3,2,1468,"Residential",275336,38.476932,-121.378349
"SACRAMENTO","z95835",4,3,2550,"Residential",277980,38.666074,-121.509743
"GALT","z95632",4,2,1928,"Residential",280000,38.285611,-121.293063
"SACRAMENTO","z95814",3,3,1922,"Residential",284686,38.582818,-121.489096
"CITRUS_HEIGHTS","z95621",3,2,1343,"Residential",284893,38.715853,-121.317095
"ROCKLIN","z95677",3,2,1510,"Residential",285000,38.786746,-121.209957
"AUBURN","z95603",2,2,960,"Multi_Family",285000,38.939802,-121.054575
"CARMICHAEL","z95608",4,2,1559,"Residential",285000,38.64913,-121.310667
"EL_DORADO","z95623",3,2,1624,"Residential",289000,38.673285,-120.879176
"SACRAMENTO","z95832",5,3,2992,"Residential",295000,38.473162,-121.491085
"ELK_GROVE","z95758",4,2,2109,"Residential",296000,38.432848,-121.449237
"RANCHO_CORDOVA","z95670",4,2,1524,"Residential",296056,38.579,-121.292627
"SACRAMENTO","z95828",3,2,1248,"Residential",297359,38.464994,-121.386962
"SACRAMENTO","z95823",4,2,1876,"Residential",299940,38.49254,-121.463316
"LINCOLN","z95648",5,3,2489,"Residential",304000,38.847396,-121.259586
"RANCHO_CORDOVA","z95670",4,3,1851,"Residential",305000,38.57727,-121.285591
"ROSEVILLE","z95747",3,2.5,1829,"Residential",307000,38.773094,-121.365905
"SACRAMENTO","z95835",4,2,2218,"Residential",311328,38.68237,-121.539147
"SACRAMENTO","z95828",3,2,1394,"Residential",313138,38.47316,-121.403893
"SACRAMENTO","z95828",3,2,1410,"Residential",316630,38.468185,-121.375694
"ELK_GROVE","z95758",5,3,3468,"Residential",320000,38.439565,-121.436606
"ANTELOPE","z95843",5,3,2346,"Residential",320000,38.707705,-121.354153
"ANTELOPE","z95843",5,3,2347,"Residential",325000,38.709299,-121.353056
"SACRAMENTO","z95834",4,2,1659,"Residential",328578,38.638764,-121.531827
"ELK_GROVE","z95757",3,3,2442,"Residential",331000,38.406758,-121.431669
"RANCHO_CORDOVA","z95742",4,3,2590,"Residential",331500,38.557293,-121.217611
"SACRAMENTO","z95833",4,2,2155,"Residential",340000,38.606906,-121.54132
"SACRAMENTO","z95838",3,2,1673,"Residential",344755,38.664765,-121.445006
"SACRAMENTO","z95828",3,2,1810,"Residential",345746,38.475433,-121.372584
"ELK_GROVE","z95757",4,2,2789,"Residential",351000,38.388129,-121.43117
"GALT","z95632",4,2,1606,"Residential",353767,38.2535,-121.31812
"GALT","z95632",5,3.5,3499,"Residential",355000,38.287785,-121.289903
"SACRAMENTO","z95835",4,2,2166,"Residential",356035,38.68318,-121.53484
"SACRAMENTO","z95816",2,2,1119,"Condo",360000,38.53805,-121.5047
"SACRAMENTO","z95835",4,2,1871,"Residential",360552,38.672966,-121.502748
"SACRAMENTO","z95835",3,2,1800,"Residential",362305,38.67342,-121.508542
"SACRAMENTO","z95817",3,1,1683,"Residential",365000,38.553596,-121.459483
"ROSEVILLE","z95678",3,2,1625,"Residential",367554,38.791617,-121.286147
"ROSEVILLE","z95747",4,3,2752,"Residential",368500,38.796121,-121.319963
"ROCKLIN","z95765",2,2,1596,"Residential",370000,38.837006,-121.232024
"PLACERVILLE","z95667",4,2.5,2716,"Residential",371086,38.733155,-120.748039
"ELK_GROVE","z95757",3,2,1179,"Residential",378000,38.390328,-121.448022
"ELK_GROVE","z95757",5,3.5,2724,"Residential",383000,38.381102,-121.42901
"SACRAMENTO","z95818",3,1,1639,"Residential",388000,38.541735,-121.480098
"RANCHO_CORDOVA","z95742",5,3,3281,"Residential",395100,38.551083,-121.237476
"SACRAMENTO","z95819",3,2,1697,"Residential",400000,38.574894,-121.435806
"EL_DORADO_HILLS","z95762",3,2.5,1993,"Residential",400000,38.69288,-121.073551
"ANTELOPE","z95843",4,3,2085,"Residential",408431,38.727649,-121.385656
"ROCKLIN","z95765",3,2,2548,"Residential",413000,38.837455,-121.289337
"SACRAMENTO","z95815",4,2,1744,"Multi_Family",416767,38.622359,-121.457582
"EL_DORADO_HILLS","z95762",4,3,2730,"Residential",420000,38.675519,-121.015862
"FOLSOM","z95630",4,3,1939,"Residential",423000,38.66695,-121.120729
"CAMERON_PARK","z95682",4,2,2376,"Residential",423000,38.687072,-121.004729
"SACRAMENTO","z95814",2,3,1788,"Residential",427500,38.571943,-121.492106
"ROCKLIN","z95765",3,2,1691,"Residential",430922,38.82553,-121.254698
"ELK_GROVE","z95758",4,2,2002,"Residential",445000,38.411258,-121.431348
"ELK_GROVE","z95757",4,4,4303,"Residential",450000,38.399436,-121.444041
"SACRAMENTO","z95834",5,3,4246,"Residential",452000,38.628955,-121.529269
"ROSEVILLE","z95661",3,2,2274,"Residential",470000,38.73988,-121.248929
"EL_DORADO_HILLS","z95762",4,3.5,2962,"Residential",471000,38.677015,-121.034083
"ORANGEVALE","z95662",4,4,3056,"Residential",475000,38.693041,-121.23294
"ELK_GROVE","z95758",3,3,2503,"Residential",484500,38.409689,-121.446059
"EL_DORADO_HILLS","z95762",3,3,3198,"Residential",487500,38.647598,-121.077801
"ROCKLIN","z95677",4,3.5,3332,"Residential",488750,38.777585,-121.2036
"FOLSOM","z95630",3,2,1905,"Residential",500000,38.69435,-121.177259
"PENRYN","z95663",3,2,1320,"Residential",506688,38.862708,-121.162092
"LINCOLN","z95648",2,2,1873,"Residential",512000,38.861615,-121.26869
"ROSEVILLE","z95747",5,4,3157,"Residential",520000,38.796683,-121.342555
"GOLD_RIVER","z95670",4,2,3037,"Residential",528000,38.629299,-121.249021
"WILTON","z95693",5,2,3741,"Residential",579093,38.416809,-121.240628
"FOLSOM","z95630",4,3,2660,"Residential",636000,38.684459,-121.145935
"CARMICHAEL","z95608",4,3,3357,"Residential",668365,38.63558,-121.353639
"GRANITE_BAY","z95746",5,3,2896,"Residential",676200,38.723545,-121.216025
"PLACERVILLE","z95667",3,2,2025,"Residential",677048,38.737452,-120.910963
"WILTON","z95693",5,3,3788,"Residential",691659,38.413535,-121.188211
"GRANITE_BAY","z95746",5,3,3670,"Residential",760000,38.779435,-121.146676
"CITRUS_HEIGHTS","z95621",3,2,1166,"Residential",30000,38.715322,-121.314787
"RIO_LINDA","z95673",1,2,1000,"Residential",30000,38.687172,-121.463933
"SACRAMENTO","z95823",2,1,838,"Residential",55422,38.471646,-121.435158
"NORTH_HIGHLANDS","z95660",2,1,904,"Residential",63000,38.672642,-121.380343
"SACRAMENTO","z95815",2,1,1032,"Residential",65000,38.608085,-121.449651
"SACRAMENTO","z95838",2,1,904,"Residential",65000,38.636833,-121.44164
"SACRAMENTO","z95817",2,1,1080,"Residential",65000,38.544162,-121.460652
"SACRAMENTO","z95822",2,2,990,"Residential",66500,38.493504,-121.475304
"SACRAMENTO","z95838",2,1,900,"Residential",71000,38.636877,-121.444948
"SACRAMENTO","z95824",2,1,861,"Residential",75000,38.521202,-121.428146
"SACRAMENTO","z95823",2,1,906,"Condo",77000,38.459002,-121.428794
"SACRAMENTO","z95815",2,1,1011,"Residential",85000,38.6238,-121.439872
"SACRAMENTO","z95823",3,2,1089,"Residential",95625,38.466938,-121.455631
"SACRAMENTO","z95815",2,1,832,"Residential",96140,38.62391,-121.439208
"SACRAMENTO","z95822",2,1,800,"Condo",104250,38.517029,-121.513809
"SACRAMENTO","z95842",4,2,1292,"Residential",105000,38.679598,-121.356035
"SACRAMENTO","z95822",2,1,810,"Residential",108000,38.520319,-121.504727
"SACRAMENTO","z95838",4,2,1064,"Residential",109000,38.635232,-121.460098
"RANCHO_CORDOVA","z95670",2,1,911,"Residential",115000,38.610852,-121.273278
"SACRAMENTO","z95835",1,1,846,"Condo",115000,38.658812,-121.542345
"SACRAMENTO","z95827",3,2,1320,"Residential",115500,38.563402,-121.327747
"SACRAMENTO","z95838",3,2,1410,"Residential",115620,38.660173,-121.440216
"RANCHO_CORDOVA","z95670",3,2,1115,"Residential",116000,38.59368,-121.316054
"SACRAMENTO","z95822",3,2,1169,"Residential",122000,38.492177,-121.503392
"SACRAMENTO","z95822",3,2,1164,"Residential",122500,38.491991,-121.477636
"SACRAMENTO","z95823",4,2,1341,"Residential",123000,38.481454,-121.446644
"SACRAMENTO","z95838",3,2,1219,"Residential",124000,38.655554,-121.464275
"SACRAMENTO","z95842",4,2,1127,"Residential",124000,38.69043,-121.361035
"NORTH_HIGHLANDS","z95660",3,2,1272,"Residential",124413,38.686061,-121.369949
"SACRAMENTO","z95822",4,2,1253,"Residential",125000,38.482717,-121.499683
"SACRAMENTO","z95828",3,2,1120,"Residential",130000,38.477297,-121.411513
"NORTH_HIGHLANDS","z95660",2,2,1118,"Residential",131750,38.659016,-121.370457
"SACRAMENTO","z95838",4,3,1890,"Residential",137721,38.646541,-121.441139
"SACRAMENTO","z95833",3,2,1260,"Residential",137760,38.623045,-121.486279
"SACRAMENTO","z95823",3,2,1400,"Residential",138000,38.487297,-121.44295
"SACRAMENTO","z95821",3,1,1264,"Residential",140000,38.619012,-121.415329
"SACRAMENTO","z95824",3,1,1060,"Residential",145000,38.522015,-121.438713
"SACRAMENTO","z95828",2,2,1132,"Residential",145000,38.47955,-121.410867
"SACRAMENTO","z95823",3,2,1466,"Residential",150000,38.472117,-121.459589
"SACRAMENTO","z95827",3,2,1092,"Residential",150000,38.559641,-121.32316
"SACRAMENTO","z95828",4,2,1628,"Residential",151000,38.493484,-121.42035
"SACRAMENTO","z95842",3,2,960,"Residential",155000,38.68747,-121.349234
"CITRUS_HEIGHTS","z95621",3,2,1075,"Residential",155800,38.695863,-121.300814
"SACRAMENTO","z95826",3,2,1428,"Residential",156142,38.554927,-121.35521
"SACRAMENTO","z95828",4,2,1358,"Residential",158000,38.474854,-121.404726
"SACRAMENTO","z95828",6,4,2475,"Multi_Family",159900,38.465271,-121.40426
"CITRUS_HEIGHTS","z95610",3,2,1410,"Residential",160000,38.689239,-121.267737
"ANTELOPE","z95843",3,2,1711,"Residential",161500,38.70968,-121.382328
"SACRAMENTO","z95826",4,2,1483,"Residential",161600,38.536751,-121.359154
"GALT","z95632",3,2,1140,"Residential",162000,38.282047,-121.295812
"SACRAMENTO","z95828",4,2,1549,"Residential",165000,38.487864,-121.402476
"SACRAMENTO","z95828",3,2,1410,"Residential",165000,38.467487,-121.377055
"ELK_GROVE","z95758",3,2,1240,"Residential",167293,38.434075,-121.432623
"SACRAMENTO","z95842",5,2,1712,"Residential",168000,38.677003,-121.354454
"SACRAMENTO","z95823",4,2,1580,"Residential",168000,38.449153,-121.428272
"ANTELOPE","z95843",3,2,1669,"Residential",168750,38.71846,-121.370862
"SACRAMENTO","z95826",3,1,1029,"Residential",168750,38.544374,-121.370874
"CITRUS_HEIGHTS","z95621",3,1,1103,"Residential",170000,38.71641,-121.306239
"SACRAMENTO","z95828",3,2,2161,"Residential",170250,38.479343,-121.372553
"SACRAMENTO","z95823",3,2,1650,"Residential",173000,38.466781,-121.450955
"POLLOCK_PINES","z95726",3,1,1320,"Residential",175000,38.77491,-120.597599
"SACRAMENTO","z95826",3,2,1200,"Residential",176095,38.553275,-121.346218
"SACRAMENTO","z95835",3,2,1170,"Residential",176250,38.68271,-121.501697
"CITRUS_HEIGHTS","z95621",3,2,1199,"Residential",178000,38.70799,-121.302979
"SACRAMENTO","z95823",4,2,1695,"Residential",179000,38.448452,-121.428536
"RANCHO_CORDOVA","z95670",3,2,1157,"Residential",180000,38.60868,-121.27849
"SACRAMENTO","z95838",3,2,1410,"Residential",180000,38.646206,-121.442767
"ROSEVILLE","z95678",3,2,1174,"Residential",180000,38.734136,-121.299639
"SACRAMENTO","z95823",3,2,1593,"Residential",181000,38.44617,-121.427824
"RIO_LINDA","z95673",3,2,1093,"Residential",182000,38.68279,-121.453509
"ROSEVILLE","z95678",3,2,1770,"Residential",182587,38.72446,-121.292829
"SACRAMENTO","z95822",4,2,1436,"Residential",185074,38.48291,-121.491509
"SACRAMENTO","z95829",3,2,1124,"Residential",185833,38.453839,-121.357919
"SACRAMENTO","z95826",4,2,1139,"Residential",186785,38.565322,-121.374251
"SACRAMENTO","z95832",3,2,1638,"Residential",187000,38.476048,-121.494961
"SACRAMENTO","z95833",3,2,1328,"Residential",188335,38.609864,-121.492304
"ELK_GROVE","z95758",3,2,1273,"Residential",190000,38.431239,-121.44001
"SACRAMENTO","z95838",3,1,1082,"Residential",190000,38.659434,-121.455236
"SACRAMENTO","z95827",4,2,1578,"Residential",190000,38.573917,-121.316916
"ROSEVILLE","z95661",2,1,796,"Residential",190000,38.727609,-121.226494
"SACRAMENTO","z95823",3,2,1386,"Residential",191250,38.478239,-121.446326
"RANCHO_CORDOVA","z95670",3,2,1452,"Residential",193000,38.589925,-121.299059
"SACRAMENTO","z95823",3,2,1513,"Residential",193500,38.470494,-121.454162
"FORESTHILL","z95631",3,2,1232,"Residential",194818,39.020808,-120.821518
"SACRAMENTO","z95842",4,2,1578,"Residential",195000,38.693071,-121.332365
"CITRUS_HEIGHTS","z95610",4,3,1736,"Residential",195000,38.676437,-121.279165
"CAMERON_PARK","z95682",2,2.5,1498,"Residential",195000,38.690504,-120.996245
"SACRAMENTO","z95821",3,1,1473,"Residential",195000,38.611055,-121.369964
"SACRAMENTO","z95820",3,1,1150,"Residential",198000,38.532725,-121.469078
"SACRAMENTO","z95833",3,2,1127,"Residential",199900,38.618019,-121.510215
"FAIR_OAKS","z95628",3,1,1144,"Residential",200000,38.66424,-121.303675
"CARMICHAEL","z95608",3,1,972,"Residential",201000,38.622634,-121.330846
"ELK_GROVE","z95758",4,2,2306,"Residential",204918,38.42139,-121.411339
"ANTELOPE","z95843",3,2,1479,"Residential",205000,38.724083,-121.3584
"EL_DORADO","z95623",2,1,1040,"Residential",205000,38.678758,-120.844118
"SACRAMENTO","z95838",3,2,1430,"Residential",205878,38.641727,-121.412703
"SACRAMENTO","z95832",4,2,1800,"Residential",207000,38.47723,-121.492568
"ANTELOPE","z95843",4,2,1953,"Residential",207744,38.71174,-121.342675
"SACRAMENTO","z95835",3,2,1120,"Residential",209000,38.681952,-121.505009
"SACRAMENTO","z95834",3,2,1232,"Residential",210000,38.640807,-121.533522
"SACRAMENTO","z95835",1,1,984,"Condo",210944,38.668433,-121.503471
"ROSEVILLE","z95678",3,2.5,1462,"Condo",212500,38.793533,-121.289685
"ELK_GROVE","z95758",4,2,2329,"Residential",213750,38.449651,-121.414704
"ELK_GROVE","z95758",3,2,1351,"Residential",215000,38.410561,-121.404327
"CAMERON_PARK","z95682",3,2,1284,"Residential",215000,38.691215,-120.994949
"ROSEVILLE","z95661",4,1,1376,"Residential",215000,38.736392,-121.2664
"DIAMOND_SPRINGS","z95619",3,2,1300,"Residential",216033,38.688255,-120.810235
"SACRAMENTO","z95825",4,2,1566,"Residential",220000,38.593598,-121.403637
"SACRAMENTO","z95817",2,1,1115,"Residential",220000,38.557433,-121.47034
"SACRAMENTO","z95818",2,1,1032,"Residential",220000,38.556818,-121.490669
"CITRUS_HEIGHTS","z95621",4,2,1419,"Residential",220000,38.698058,-121.294893
"ELK_GROVE","z95757",3,2,1261,"Residential",220000,38.404888,-121.443998
"CARMICHAEL","z95608",2,2,1637,"Residential",220702,38.63173,-121.335286
"SACRAMENTO","z95825",4,2,1776,"Multi_Family",221250,38.585291,-121.406824
"ELK_GROVE","z95758",3,2,1338,"Residential",222000,38.423913,-121.439115
"ELK_GROVE","z95757",2,2,1257,"Residential",222500,38.3052,-121.4033
"ELK_GROVE","z95624",5,2,2254,"Residential",222750,38.421713,-121.345191
"SACRAMENTO","z95834",3,2,1441,"Residential",225000,38.638882,-121.531883
"SACRAMENTO","z95838",4,2,1991,"Residential",225000,38.650729,-121.466483
"SACRAMENTO","z95829",4,3,2126,"Residential",228750,38.459524,-121.3501
"ELK_GROVE","z95624",3,2,1094,"Residential",229000,38.443184,-121.364388
"ROCKLIN","z95677",3,2,1462,"Residential",230095,38.798028,-121.235364
"SACRAMENTO","z95834",5,3,2258,"Residential",232500,38.639891,-121.537603
"RANCHO_CORDOVA","z95670",3,2,1074,"Residential",233000,38.59675,-121.312716
"ELK_GROVE","z95624",4,2,2111,"Residential",233500,38.38751,-121.370276
"SACRAMENTO","z95835",3,2,1686,"Residential",239000,38.671556,-121.520916
"ANTELOPE","z95843",4,3,1915,"Residential",240000,38.706209,-121.369509
"ELK_GROVE","z95624",4,2,2367,"Residential",240000,38.420637,-121.375798
"SACRAMENTO","z95823",3,2,1962,"Residential",240971,38.443305,-121.435296
"RANCHO_CORDOVA","z95670",2,2,1406,"Residential",242000,38.625932,-121.271517
"SACRAMENTO","z95829",3,2,1789,"Residential",243450,38.455753,-121.349273
"SACRAMENTO","z95835",4,2,1876,"Residential",243500,38.674226,-121.525497
"ANTELOPE","z95843",3,2,1235,"Residential",246544,38.720767,-121.376678
"ANTELOPE","z95843",4,2,2504,"Residential",246750,38.70884,-121.359559
"SACRAMENTO","z95834",3,2.5,2029,"Residential",247000,38.631139,-121.501879
"CARMICHAEL","z95608",3,2,1676,"Residential",247000,38.657267,-121.310352
"CITRUS_HEIGHTS","z95621",3,2,1367,"Residential",249000,38.708966,-121.32467
"ELK_GROVE","z95758",4,3,1899,"Residential",249000,38.422241,-121.458022
"ELK_GROVE","z95758",3,2,1636,"Residential",250000,38.428852,-121.415628
"SACRAMENTO","z95821",3,2,1828,"Residential",250000,38.627698,-121.369698
"ROCKLIN","z95765",3,2,1771,"Residential",250000,38.804993,-121.293609
"SACRAMENTO","z95826",4,2,1438,"Residential",252000,38.555633,-121.350691
"ELK_GROVE","z95624",3,2,1451,"Residential",255000,38.442845,-121.373272
"SACRAMENTO","z95825",3,1,1520,"Residential",255000,38.599449,-121.400305
"ROSEVILLE","z95747",3,2,1506,"Residential",255000,38.776649,-121.339589
"SACRAMENTO","z95835",4,2,2605,"Residential",257200,38.675594,-121.515878
"ORANGEVALE","z95662",3,2,1196,"Residential",260000,38.679409,-121.219107
"LINCOLN","z95648",3,2,1621,"Residential",260000,38.89918,-121.322514
"SACRAMENTO","z95835",3,2,1811,"Residential",263500,38.679191,-121.537622
"ELK_GROVE","z95757",3,2,1540,"Residential",266510,38.387708,-121.436522
"LINCOLN","z95648",4,2.5,2647,"Residential",267750,38.88156,-121.301343
"PLACERVILLE","z95667",2,2,2750,"Residential",270000,38.813546,-120.809254
"ROSEVILLE","z95747",3,2.5,1910,"Residential",271000,38.770835,-121.366996
"EL_DORADO_HILLS","z95762",4,2.5,1846,"Residential",272700,38.695801,-121.079216
"ELK_GROVE","z95757",3,2,1543,"Residential",275000,38.397455,-121.468391
"SACRAMENTO","z95835",5,3,2494,"Residential",276000,38.663728,-121.525833
"LINCOLN","z95648",3,2,1650,"Residential",276500,38.844116,-121.274806
"GALT","z95632",4,3,2214,"Residential",278000,38.258976,-121.321266
"SACRAMENTO","z95835",5,3,2280,"Residential",279000,38.667332,-121.528276
"CARMICHAEL","z95608",3,2,1443,"Residential",280000,38.66266,-121.316858
"CITRUS_HEIGHTS","z95621",4,2,1582,"Residential",280000,38.691393,-121.305215
"ELK_GROVE","z95757",3,2,1857,"Residential",285000,38.397923,-121.450219
"ELK_GROVE","z95758",3,2,1735,"Residential",288000,38.417191,-121.473897
"ELK_GROVE","z95624",4,3,2096,"Residential",289000,38.391085,-121.347231
"SACRAMENTO","z95825",3,2,1720,"Residential",290000,38.567865,-121.410699
"ANTELOPE","z95843",4,2,2160,"Residential",290000,38.704554,-121.354753
"SACRAMENTO","z95838",4,2,1382,"Residential",293996,38.644927,-121.43054
"PLACERVILLE","z95667",3,2,1282,"Residential",294000,38.729993,-120.802458
"ELK_GROVE","z95624",4,2,1721,"Residential",294173,38.450548,-121.363002
"LOOMIS","z95650",4,2,1328,"Residential",295000,38.825096,-121.198432
"ELK_GROVE","z95624",3,2,1919,"Residential",298000,38.446286,-121.400817
"ELK_GROVE","z95624",4,2,1982,"Residential",298000,38.422221,-121.375799
"SACRAMENTO","z95818",2,1,1144,"Residential",299000,38.556844,-121.490769
"SACRAMENTO","z95825",2,2,1623,"Residential",300000,38.567795,-121.410703
"COOL","z95614",3,2,1457,"Residential",300000,38.905927,-120.975169
"ELK_GROVE","z95624",6,3,2555,"Residential",300000,38.404505,-121.346938
"ROCKLIN","z95765",3,2,1577,"Residential",300567,38.800539,-121.260979
"ELK_GROVE","z95757",5,3,2592,"Residential",303000,38.38912,-121.434389
"CITRUS_HEIGHTS","z95610",3,2,1401,"Residential",305000,38.715493,-121.26293
"LINCOLN","z95648",4,2,2048,"Residential",306000,38.865017,-121.32302
"CARMICHAEL","z95608",3,2,1502,"Residential",310000,38.618369,-121.326187
"FOLSOM","z95630",3,2,1327,"Residential",310000,38.651617,-121.131674
"ROSEVILLE","z95678",4,3,1800,"Residential",310000,38.76349,-121.275881
"SACRAMENTO","z95831",4,2,2169,"Residential",311518,38.490408,-121.547664
"LINCOLN","z95648",5,3,2457,"Residential",312000,38.844144,-121.274174
"RANCHO_CORDOVA","z95742",3,2.5,2264,"Residential",313000,38.529181,-121.224755
"ORANGEVALE","z95662",4,2,2004,"Residential",315000,38.668289,-121.192316
"ROSEVILLE","z95678",4,3,2212,"Residential",315000,38.775872,-121.298864
"ANTELOPE","z95843",5,3,3134,"Residential",315000,38.711927,-121.343608
"SACRAMENTO","z95864",3,2,1360,"Residential",315000,38.606569,-121.368424
"ROCKLIN","z95765",4,2.5,1951,"Residential",315000,38.815493,-121.262908
"SACRAMENTO","z95822",3,2,1276,"Residential",320000,38.525115,-121.518689
"SACRAMENTO","z95834",4,3,2962,"Residential",322000,38.64977,-121.53448
"ROCKLIN","z95765",4,2,1888,"Residential",325000,38.82273,-121.26424
"ROSEVILLE","z95747",3,3,2155,"Residential",325500,38.772821,-121.364821
"ROSEVILLE","z95678",3,2,1744,"Residential",326951,38.771917,-121.304439
"GALT","z95632",3,2,1548,"Residential",328370,38.290119,-121.286023
"LINCOLN","z95648",2,2,1322,"Residential",330000,38.861864,-121.267478
"RANCHO_CORDOVA","z95670",4,3,2109,"Residential",330000,38.580545,-121.279016
"SACRAMENTO","z95827",4,2,2484,"Residential",331200,38.56803,-121.309966
"SACRAMENTO","z95834",4,3,2258,"Residential",332000,38.6354,-121.53499
"SACRAMENTO","z95835",3,3,2212,"Residential",334000,38.674864,-121.4958
"ORANGEVALE","z95662",3,2,1616,"Residential",335000,38.667703,-121.209456
"SACRAMENTO","z95835",4,2,2372,"Residential",341000,38.66841,-121.494639
"ROCKLIN","z95765",5,3,2606,"Residential",346375,38.807816,-121.270008
"ROSEVILLE","z95678",5,3,3163,"Residential",347225,38.79218,-121.28595
"ELK_GROVE","z95757",5,3,2877,"Residential",349000,38.386239,-121.448159
"ANTELOPE","z95843",3,2,2960,"Residential",350000,38.709513,-121.359357
"LINCOLN","z95648",2,2,1704,"Residential",350000,38.853869,-121.271742
"ROSEVILLE","z95678",3,2,2172,"Residential",350000,38.792461,-121.275711
"ROSEVILLE","z95678",3,2,2100,"Condo",350000,38.762153,-121.283451
"SACRAMENTO","z95831",3,2,1795,"Residential",351000,38.483212,-121.54019
"EL_DORADO_HILLS","z95762",3,2.5,1924,"Residential",356200,38.686067,-121.073413
"ROSEVILLE","z95661",4,2,2295,"Residential",360000,38.733985,-121.236766
"ROSEVILLE","z95747",4,3,2577,"Residential",367463,38.792493,-121.331899
"ROSEVILLE","z95747",5,3,2616,"Residential",375000,38.778561,-121.362008
"WALNUT_GROVE","z95690",3,1,1727,"Residential",380000,38.247659,-121.515129
"ELK_GROVE","z95758",3,2,1485,"Residential",380578,38.429139,-121.423444
"CARMICHAEL","z95608",3,2,1655,"Residential",386222,38.629929,-121.323086
"LINCOLN","z95648",5,4.5,3179,"Residential",389000,38.867125,-121.319085
"RANCHO_CORDOVA","z95742",5,3,3479,"Residential",390000,38.5357,-121.2249
"ROSEVILLE","z95661",3,2,2049,"Residential",395500,38.737872,-121.249025
"RANCHO_CORDOVA","z95742",4,3,3042,"Residential",396000,38.527384,-121.233531
"ELK_GROVE","z95757",5,3,2875,"Residential",397000,38.405571,-121.445186
"LINCOLN","z95648",5,4,3566,"Residential",400000,38.904869,-121.32075
"EL_DORADO_HILLS","z95762",4,2,2199,"Residential",400000,38.656299,-121.079783
"ROSEVILLE","z95747",4,3,2242,"Residential",412500,38.808581,-121.32785
"SACRAMENTO","z95818",2,1,1304,"Residential",413500,38.551611,-121.504437
"CARMICHAEL","z95608",3,2,2334,"Residential",415000,38.634111,-121.353376
"AUBURN","z95603",4,3,2278,"Residential",420454,38.935579,-121.079018
"SACRAMENTO","z95819",3,1,1493,"Residential",425000,38.579326,-121.44252
"CAMERON_PARK","z95682",3,2,1944,"Residential",425000,38.669805,-120.999007
"LINCOLN","z95648",5,4,3913,"Residential",433500,38.860007,-121.310946
"ROSEVILLE","z95747",5,3,3151,"Residential",438000,38.804773,-121.341195
"FOLSOM","z95630",5,3,2787,"Residential",441000,38.66051,-121.163689
"SACRAMENTO","z95831",5,3,2824,"Residential",445000,38.506371,-121.514456
"FOLSOM","z95630",4,3,3261,"Residential",446000,38.673882,-121.105077
"SACRAMENTO","z95821",4,2,2053,"Residential",450000,38.621566,-121.370882
"ROSEVILLE","z95661",4,3,2379,"Residential",455000,38.750577,-121.232768
"EL_DORADO_HILLS","z95762",3,2.5,2480,"Residential",460000,38.680092,-121.036467
"PLACERVILLE","z95667",3,2,1704,"Residential",475000,38.690867,-120.693641
"GARDEN_VALLEY","z95633",3,2,2418,"Residential",490000,38.84255,-120.8754
"EL_DORADO_HILLS","z95762",4,2.5,3282,"Residential",493000,38.681778,-121.035838
"EL_DORADO_HILLS","z95762",5,4,4091,"Residential",508000,38.676131,-121.038931
"ROSEVILLE","z95747",4,3,2806,"Residential",511000,38.780051,-121.378718
"FAIR_OAKS","z95628",3,2,3173,"Residential",525000,38.650735,-121.258628
"EL_DORADO_HILLS","z95762",4,3,3380,"Residential",533000,38.664066,-121.056735
"SACRAMENTO","z95864",3,1,1348,"Residential",545000,38.588936,-121.373606
"AUBURN","z95603",4,3.5,4090,"Residential",560000,38.865246,-121.094869
"SACRAMENTO","z95816",2,1,1252,"Residential",575000,38.568438,-121.457854
"FOLSOM","z95630",4,3,3229,"Residential",575000,38.703962,-121.1871
"SACRAMENTO","z95829",5,4,3863,"Residential",598695,38.45326,-121.32573
"ROSEVILLE","z95747",5,5,3901,"Residential",600000,38.798448,-121.344054
"ROCKLIN","z95677",4,3,2346,"Residential",600000,38.772672,-121.220232
"GRANITE_BAY","z95746",4,3,2356,"Residential",600000,38.732096,-121.219142
"ROCKLIN","z95677",4,2.5,3220,"Residential",600000,38.781134,-121.222801
"ROSEVILLE","z95747",5,3,3579,"Residential",610000,38.78861,-121.339495
"EL_DORADO_HILLS","z95762",5,3,3464,"Residential",622500,38.6478,-121.0309
"EL_DORADO_HILLS","z95762",3,3.5,3885,"Residential",680000,38.682961,-121.033253
"EL_DORADO_HILLS","z95762",4,3.5,3782,"Residential",879000,38.706692,-121.058869
"WILTON","z95693",4,3,4400,"Residential",884790,38.415298,-121.194858
"SACRAMENTO","z95828",4,2,1512,"Residential",56950,38.488628,-121.387759
"SACRAMENTO","z95826",1,1,611,"Condo",60000,38.542419,-121.359904
"SACRAMENTO","z95823",2,1,876,"Residential",61000,38.471139,-121.432255
"SACRAMENTO","z95842",2,1,933,"Condo",62000,38.670467,-121.359799
"SACRAMENTO","z95820",2,1,864,"Residential",68566,38.539213,-121.46393
"SACRAMENTO","z95838",2,1,1011,"Residential",70000,38.643978,-121.449562
"SACRAMENTO","z95815",4,2,1158,"Residential",80000,38.618716,-121.466327
"SACRAMENTO","z95838",3,2,1092,"Residential",85500,38.64472,-121.452228
"SACRAMENTO","z95833",2,1,956,"Condo",92000,38.627147,-121.500799
"SACRAMENTO","z95824",2,2,1139,"Residential",93600,38.520469,-121.458606
"SACRAMENTO","z95822",3,1,1058,"Residential",95000,38.488238,-121.472561
"SACRAMENTO","z95838",3,2,1040,"Residential",97750,38.628842,-121.446127
"SACRAMENTO","z95823",3,2,1354,"Residential",104000,38.484374,-121.463157
"NORTH_HIGHLANDS","z95660",3,1,1051,"Residential",105000,38.679279,-121.376615
"SACRAMENTO","z95825",1,1,682,"Condo",107666,38.578675,-121.409951
"SACRAMENTO","z95824",3,1,1161,"Residential",109000,38.511893,-121.457676
"SACRAMENTO","z95838",3,1,1004,"Residential",110000,38.647398,-121.432914
"NORTH_HIGHLANDS","z95660",3,1,1229,"Residential",110000,38.669587,-121.379879
"SACRAMENTO","z95832",3,2,1249,"Residential",112500,38.480126,-121.487869
"SACRAMENTO","z95832",3,2,1161,"Residential",114800,38.479593,-121.48434
"SACRAMENTO","z95823",3,1,1010,"Residential",116000,38.465551,-121.42661
"CAMERON_PARK","z95682",2,2,1005,"Condo",119000,38.681393,-120.996713
"SACRAMENTO","z95820",4,2,1462,"Residential",121500,38.528479,-121.411806
"SACRAMENTO","z95828",3,2,1269,"Residential",122000,38.47709,-121.410569
"SACRAMENTO","z95820",2,2,1188,"Residential",123675,38.532359,-121.41167
"SACRAMENTO","z95838",4,2,1570,"Residential",126854,38.631925,-121.427775
"SACRAMENTO","z95817",3,2,1093,"Residential",127059,38.546091,-121.457745
"SACRAMENTO","z95828",3,1,962,"Residential",128687,38.507339,-121.416267
"SACRAMENTO","z95823",3,2,1089,"Residential",129500,38.466388,-121.458861
"SACRAMENTO","z95824",3,2,1127,"Residential",130000,38.52049,-121.411383
"SACRAMENTO","z95822",4,2,1309,"Residential",131750,38.506382,-121.483574
"RIO_LINDA","z95673",2,1,970,"Residential",132000,38.695589,-121.444133
"SACRAMENTO","z95823",3,2,1144,"Residential",134000,38.462376,-121.426556
"RANCHO_CORDOVA","z95670",3,1,1000,"Residential",134000,38.593049,-121.30304
"LINCOLN","z95648",1,1.5,1065,"Condo",138000,38.88415,-121.270277
"ANTELOPE","z95843",3,2,1206,"Residential",142000,38.706175,-121.379776
"SACRAMENTO","z95825",3,1,1285,"Residential",143012,38.603593,-121.417011
"SACRAMENTO","z95828",3,2,1543,"Residential",145846,38.477563,-121.384382
"WEST_SACRAMENTO","z95691",2,1,884,"Residential",147000,38.563084,-121.535579
"SACRAMENTO","z95817",3,1,1019,"Residential",148750,38.54117,-121.458129
"SACRAMENTO","z95823",4,2,1392,"Residential",150000,38.46654,-121.419029
"SACRAMENTO","z95842",2,1,924,"Condo",150454,38.672567,-121.356754
"SACRAMENTO","z95823",3,2,1217,"Residential",151087,38.46616,-121.448283
"ANTELOPE","z95843",3,2,1670,"Residential",157296,38.725873,-121.35856
"SACRAMENTO","z95832",3,2,1302,"Residential",157500,38.473775,-121.493777
"SACRAMENTO","z95823",3,2,1488,"Residential",160000,38.502034,-121.456027
"NORTH_HIGHLANDS","z95660",3,2,1373,"Residential",160000,38.685361,-121.376938
"CITRUS_HEIGHTS","z95621",4,2,1381,"Residential",161250,38.717738,-121.308322
"SACRAMENTO","z95823",3,2,1265,"Residential",164000,38.462821,-121.433135
"SACRAMENTO","z95818",2,1,881,"Residential",165000,38.556178,-121.476256
"WEST_SACRAMENTO","z95691",4,2,1917,"Residential",165000,38.584526,-121.534609
"SACRAMENTO","z95829",4,2,1608,"Residential",165750,38.467012,-121.359969
"CITRUS_HEIGHTS","z95621",3,1,1344,"Residential",166000,38.681554,-121.312934
"SACRAMENTO","z95834",3,2,1202,"Residential",169000,38.634292,-121.485106
"LINCOLN","z95648",3,2,1104,"Residential",170000,38.893168,-121.305398
"ROSEVILLE","z95747",2,2,1057,"Condo",170000,38.795529,-121.328819
"SACRAMENTO","z95828",4,2,1859,"Multi_Family",170000,38.490606,-121.410173
"SACRAMENTO","z95832",3,2,1232,"Residential",170000,38.475853,-121.477039
"SACRAMENTO","z95828",3,1,1638,"Residential",170725,38.490822,-121.401643
"SACRAMENTO","z95831",2,2,1177,"Residential",171750,38.480859,-121.539745
"SACRAMENTO","z95833",3,2,1582,"Residential",172000,38.622794,-121.499173
"SACRAMENTO","z95823",2,2,904,"Residential",173056,38.502254,-121.451444
"ELK_GROVE","z95758",3,2,1340,"Residential",174000,38.433919,-121.422347
"SACRAMENTO","z95833",3,2,1204,"Residential",174250,38.62457,-121.486913
"ELK_GROVE","z95624",4,2,1477,"Residential",176850,38.44574,-121.3725
"SACRAMENTO","z95823",4,2,1497,"Residential",179500,38.45073,-121.427528
"FAIR_OAKS","z95628",3,1,960,"Residential",185000,38.667254,-121.240708
"LINCOLN","z95648",1,1.5,1194,"Condo",188000,38.88417,-121.270222
"SACRAMENTO","z95834",3,2,1428,"Residential",188700,38.634335,-121.486098
"SACRAMENTO","z95820",3,1,1039,"Residential",189000,38.530144,-121.43749
"FAIR_OAKS","z95628",3,1,1529,"Residential",189000,38.66745,-121.2364
"CITRUS_HEIGHTS","z95621",4,3,1892,"Residential",189836,38.699714,-121.311635
"SACRAMENTO","z95838",4,2,1887,"Residential",190000,38.649258,-121.465308
"ORANGEVALE","z95662",3,2,1294,"Residential",191250,38.687006,-121.254319
"SACRAMENTO","z95832",3,2,1638,"Residential",191675,38.477568,-121.492574
"SACRAMENTO","z95823",3,2,1677,"Residential",195500,38.46734,-121.419843
"CITRUS_HEIGHTS","z95621",3,1,1073,"Residential",198000,38.700717,-121.3133
"SACRAMENTO","z95838",3,2,1231,"Residential",200000,38.651386,-121.45042
"ELK_GROVE","z95758",3,2,1175,"Residential",200000,38.42442,-121.440357
"ELK_GROVE","z95624",3,2,1416,"Residential",200000,38.452075,-121.366461
"WEST_SACRAMENTO","z95691",1,1,936,"Residential",200100,38.569943,-121.527539
"SACRAMENTO","z95835",3,2,1358,"Residential",201528,38.68197,-121.500025
"ELK_GROVE","z95624",4,2,1609,"Residential",204750,38.438818,-121.37443
"SACRAMENTO","z95842",4,3,1968,"Residential",205000,38.68607,-121.342369
"SACRAMENTO","z95818",2,2,1089,"Residential",205000,38.555781,-121.485331
"CARMICHAEL","z95608",3,2,1296,"Residential",205900,38.623372,-121.347665
"ELK_GROVE","z95758",2,2,1189,"Residential",207000,38.424421,-121.443915
"SACRAMENTO","z95815",2,1,795,"Residential",207973,38.612694,-121.456669
"ROSEVILLE","z95747",3,2,1371,"Residential",208250,38.737882,-121.308142
"NORTH_HIGHLANDS","z95660",3,1,1310,"Residential",208318,38.694279,-121.373395
"GALT","z95632",3,2,1262,"Residential",209347,38.259708,-121.311616
"ELK_GROVE","z95624",4,2,1740,"Residential",211500,38.444,-121.370993
"ANTELOPE","z95843",3,2,1517,"Residential",212000,38.722959,-121.347115
"SACRAMENTO","z95828",3,2,1450,"Residential",213000,38.467836,-121.410366
"ELK_GROVE","z95624",3,2,1416,"Residential",216000,38.451398,-121.366614
"SACRAMENTO","z95828",3,1,888,"Residential",216021,38.508217,-121.411207
"CITRUS_HEIGHTS","z95610",3,2,1882,"Residential",219000,38.715423,-121.246743
"ELK_GROVE","z95757",3,2,1302,"Residential",219794,38.390893,-121.437821
"ELK_GROVE","z95758",3,2,1418,"Residential",220000,38.424497,-121.426595
"ROSEVILLE","z95678",3,2.5,1462,"Condo",220000,38.793152,-121.290025
"CARMICHAEL","z95608",4,2,1319,"Residential",220000,38.665104,-121.315901
"GALT","z95632",4,2,1770,"Residential",220000,38.289544,-121.284607
"SACRAMENTO","z95842",4,2,1627,"Residential",223000,38.69674,-121.350519
"SACRAMENTO","z95834",3,2,1665,"Residential",224000,38.631026,-121.501879
"SACRAMENTO","z95821",3,1,1040,"Residential",224000,38.629468,-121.376445
"NORTH_HIGHLANDS","z95660",3,1,960,"Residential",224252,38.70355,-121.375103
"CAMERON_PARK","z95682",3,4,1197,"Residential",224500,38.69757,-120.995739
"ORANGEVALE","z95662",3,1,1456,"Residential",225000,38.703056,-121.235221
"ELK_GROVE","z95757",3,2,1450,"Residential",228000,38.389756,-121.446246
"LINCOLN","z95648",3,2,1358,"Residential",229027,38.897814,-121.324691
"SACRAMENTO","z95823",4,2,1329,"Residential",229500,38.467936,-121.445477
"SACRAMENTO","z95823",4,2,1715,"Residential",230000,38.445342,-121.441504
"ELK_GROVE","z95758",3,2,1262,"Residential",230000,38.417382,-121.484325
"SACRAMENTO","z95829",4,3,2280,"Residential",232425,38.457679,-121.35962
"SACRAMENTO","z95823",3,2,1477,"Residential",234000,38.499893,-121.45889
"CITRUS_HEIGHTS","z95610",3,2,1216,"Residential",235000,38.708824,-121.256803
"ELK_GROVE","z95758",4,2,1685,"Residential",235301,38.417,-121.397424
"EL_DORADO_HILLS","z95762",3,2,1362,"Residential",235738,38.655245,-121.075915
